proxyWallet,side,asset,conditionId,size,price,timestamp,title,slug,icon,eventSlug,outcome,outcomeIndex,name,pseudonym,bio,profileImage,profileImageOptimized,transactionHash
0xec4e8e525969c4b9072eed0193e587b73876d9db,SELL,18183286918434869824441675990794243765466010937775706724610101178401955339057,0x775e71b9c9fd3c0392d32745839c2aedbb51fd329e37295c89872373414317f6,360.4,0.999,1769930976,Trump's travel ban removed by January 31?,trumps-travel-ban-removed-by-january-31,https://polymarket-upload.s3.us-east-2.amazonaws.com/trump-travel-ban-removed-before-july-5D_yIj9zkkDV.jpg,trumps-travel-ban-removed-by-january-31,No,1,southbets,Meaty-Locket,Nothing to put here,,,0x103fb0be4e3bb3e3f3b0d5fba512c24e4d35a9592b5e688628604710f6720d3f
0x5f94ea09f1fe4b506a785ac4526e27a9391f1454,SELL,18183286918434869824441675990794243765466010937775706724610101178401955339057,0x775e71b9c9fd3c0392d32745839c2aedbb51fd329e37295c89872373414317f6,2.0,0.999,1769929438,Trump's travel ban removed by January 31?,trumps-travel-ban-removed-by-january-31,https://polymarket-upload.s3.us-east-2.amazonaws.com/trump-travel-ban-removed-before-july-5D_yIj9zkkDV.jpg,trumps-travel-ban-removed-by-january-31,No,1,lighter-nls,Yummy-Randomization,,,,0x1dd3603d32e098b08a70769fc9c62b07ed60d3a8bae3c8531240525901af923f
0x9380db17dd5ab2ce55301effa758fd71a6e501ed,BUY,18183286918434869824441675990794243765466010937775706724610101178401955339057,0x775e71b9c9fd3c0392d32745839c2aedbb51fd329e37295c89872373414317f6,174.0,0.9967309770114943,1769890322,Trump's travel ban removed by January 31?,trumps-travel-ban-removed-by-january-31,https://polymarket-upload.s3.us-east-2.amazonaws.com/trump-travel-ban-removed-before-july-5D_yIj9zkkDV.jpg,trumps-travel-ban-removed-by-january-31,No,1,0x9380dB17dD5Ab2ce55301effA758fD71a6e501ed-1764517074530,Old-Fashioned-Bullfighter,,,,0xcf3a9c2592487800f66f2809e396874fd656e5849ab5f346e61f94eecb4a0e40
0x89f0a333cda79fccc920dc0f003823e9bece1e62,BUY,18183286918434869824441675990794243765466010937775706724610101178401955339057,0x775e71b9c9fd3c0392d32745839c2aedbb51fd329e37295c89872373414317f6,3.006,0.998,1769858808,Trump's travel ban removed by January 31?,trumps-travel-ban-removed-by-january-31,https://polymarket-upload.s3.us-east-2.amazonaws.com/trump-travel-ban-removed-before-july-5D_yIj9zkkDV.jpg,trumps-travel-ban-removed-by-january-31,No,1,dissk,Giant-Innocence,,,,0x68c581a0729c89a66bd626ec5b97ed6199a1756795970fb4215fb736d64e4389
0x272df07434614e735c7896b0eb9d3d26c78d9e36,BUY,18183286918434869824441675990794243765466010937775706724610101178401955339057,0x775e71b9c9fd3c0392d32745839c2aedbb51fd329e37295c89872373414317f6,3.006,0.998,1769858798,Trump's travel ban removed by January 31?,trumps-travel-ban-removed-by-january-31,https://polymarket-upload.s3.us-east-2.amazonaws.com/trump-travel-ban-removed-before-july-5D_yIj9zkkDV.jpg,trumps-travel-ban-removed-by-january-31,No,1,hjss,Showy-Secretary,,,,0x5a22797ab118a6476187b81a883e42e2026effeb7cfe6e3ca2dec7289f6a09fb
0x76e8abcf27bcbc74a359572e40f0732362f541da,BUY,18183286918434869824441675990794243765466010937775706724610101178401955339057,0x775e71b9c9fd3c0392d32745839c2aedbb51fd329e37295c89872373414317f6,5.045333,0.9909999994053911,1769854604,Trump's travel ban removed by January 31?,trumps-travel-ban-removed-by-january-31,https://polymarket-upload.s3.us-east-2.amazonaws.com/trump-travel-ban-removed-before-july-5D_yIj9zkkDV.jpg,trumps-travel-ban-removed-by-january-31,No,1,T4G4DG,Conscious-Week,,,,0x72d1be087a7b1e09d45e901fa5dc70c73a17119861e1483d8b7a671b045c35fa
0xf02d5208a22e408d5f19176d0208dee3a52cc668,BUY,18183286918434869824441675990794243765466010937775706724610101178401955339057,0x775e71b9c9fd3c0392d32745839c2aedbb51fd329e37295c89872373414317f6,5.01,0.998,1769845664,Trump's travel ban removed by January 31?,trumps-travel-ban-removed-by-january-31,https://polymarket-upload.s3.us-east-2.amazonaws.com/trump-travel-ban-removed-before-july-5D_yIj9zkkDV.jpg,trumps-travel-ban-removed-by-january-31,No,1,ft5765,Enchanting-Perp,,,,0x1c80dab682642eed53120a9f6259667f64801feca879af677035a0a55b27974f
0x884f9c9e88a91fca8d528e8fd02ab037bc2d0daf,BUY,18183286918434869824441675990794243765466010937775706724610101178401955339057,0x775e71b9c9fd3c0392d32745839c2aedbb51fd329e37295c89872373414317f6,4.71875,0.996,1769845582,Trump's travel ban removed by January 31?,trumps-travel-ban-removed-by-january-31,https://polymarket-upload.s3.us-east-2.amazonaws.com/trump-travel-ban-removed-before-july-5D_yIj9zkkDV.jpg,trumps-travel-ban-removed-by-january-31,No,1,T7464R,Angelic-Pupil,,,,0x2359f4ee8dcb93653c001461ca637cf4e4a53868761f9bca6d5175d2057a6bfd
0x7aa78935e99e0644cdff763ab6df0814cae73cd5,BUY,18183286918434869824441675990794243765466010937775706724610101178401955339057,0x775e71b9c9fd3c0392d32745839c2aedbb51fd329e37295c89872373414317f6,5.616666,0.9969999996439168,1769842908,Trump's travel ban removed by January 31?,trumps-travel-ban-removed-by-january-31,https://polymarket-upload.s3.us-east-2.amazonaws.com/trump-travel-ban-removed-before-july-5D_yIj9zkkDV.jpg,trumps-travel-ban-removed-by-january-31,No,1,yuiu67,Lumpy-Chicory,,,,0x439197a831c6d34f812eab1c6dc5cd1f54ab2259c6eb56087d8d39016529ab66
0xe5d60abec2bd7edd8997a50f5dc4f10a2b07c697,BUY,18183286918434869824441675990794243765466010937775706724610101178401955339057,0x775e71b9c9fd3c0392d32745839c2aedbb51fd329e37295c89872373414317f6,5.5315,0.9942397179788484,1769842872,Trump's travel ban removed by January 31?,trumps-travel-ban-removed-by-january-31,https://polymarket-upload.s3.us-east-2.amazonaws.com/trump-travel-ban-removed-before-july-5D_yIj9zkkDV.jpg,trumps-travel-ban-removed-by-january-31,No,1,fhdbfb,Dependent-Pence,,,,0x2b76932a845410c81d9a49067b83736ee81d3c7ab1a0fe21d685a22609cc9c2a
0x3371dbe7cf70fa357d40358f4e4fede12e06a0ea,BUY,18183286918434869824441675990794243765466010937775706724610101178401955339057,0x775e71b9c9fd3c0392d32745839c2aedbb51fd329e37295c89872373414317f6,5.0505,0.99,1769836020,Trump's travel ban removed by January 31?,trumps-travel-ban-removed-by-january-31,https://polymarket-upload.s3.us-east-2.amazonaws.com/trump-travel-ban-removed-before-july-5D_yIj9zkkDV.jpg,trumps-travel-ban-removed-by-january-31,No,1,0x3371DbE7CF70FA357d40358f4E4fEdE12e06A0Ea-1766566790651,White-Streetcar,,,,0xff292b5eeb676d1b6cb36b6f50b7bed35c73db43a1742781f9eac4b9019b1e03
0xc4f06c8d7d6cd53c29651c15ef8c475049b9fe2c,BUY,18183286918434869824441675990794243765466010937775706724610101178401955339057,0x775e71b9c9fd3c0392d32745839c2aedbb51fd329e37295c89872373414317f6,5.0505,0.99,1769834674,Trump's travel ban removed by January 31?,trumps-travel-ban-removed-by-january-31,https://polymarket-upload.s3.us-east-2.amazonaws.com/trump-travel-ban-removed-before-july-5D_yIj9zkkDV.jpg,trumps-travel-ban-removed-by-january-31,No,1,0xc4f06C8d7D6cD53C29651C15Ef8C475049b9Fe2c-1766566788367,Imaginary-Basket,,,,0x413121f3e76fff9ba5dd340e2bb90be462faead5478b549360a509a5bd36b8d7
0x7df61ca342c9b53ba9b4c60745718ed48a77ac3b,BUY,18183286918434869824441675990794243765466010937775706724610101178401955339057,0x775e71b9c9fd3c0392d32745839c2aedbb51fd329e37295c89872373414317f6,82.49,0.9796061340768578,1769833974,Trump's travel ban removed by January 31?,trumps-travel-ban-removed-by-january-31,https://polymarket-upload.s3.us-east-2.amazonaws.com/trump-travel-ban-removed-before-july-5D_yIj9zkkDV.jpg,trumps-travel-ban-removed-by-january-31,No,1,trashtier,Radiant-Divide,,,,0x38e0febc1e1be08b735005c28303bb2036bc3007e513f4641ad57304c2eed8fa
0x4b89708b91506b8ef9167fab8292c4fb656d29c4,BUY,18183286918434869824441675990794243765466010937775706724610101178401955339057,0x775e71b9c9fd3c0392d32745839c2aedbb51fd329e37295c89872373414317f6,6.91519,0.9789999985539082,1769825386,Trump's travel ban removed by January 31?,trumps-travel-ban-removed-by-january-31,https://polymarket-upload.s3.us-east-2.amazonaws.com/trump-travel-ban-removed-before-july-5D_yIj9zkkDV.jpg,trumps-travel-ban-removed-by-january-31,No,1,Tynorix65J,Able-Tensor,,,,0xbf7aed1ffb2e5f68e347158e9b2453d282192779a5d46cd11f507925f0aa52e2
0xea5ff76a4fd2cddfd312f995434b30b59bc64b09,BUY,63955989609279669299894772531754644066954952211322855713974424160103829654584,0x775e71b9c9fd3c0392d32745839c2aedbb51fd329e37295c89872373414317f6,8.59,0.02,1769820718,Trump's travel ban removed by January 31?,trumps-travel-ban-removed-by-january-31,https://polymarket-upload.s3.us-east-2.amazonaws.com/trump-travel-ban-removed-before-july-5D_yIj9zkkDV.jpg,trumps-travel-ban-removed-by-january-31,Yes,0,ProbablyPomPom,Intrepid-Till,,,,0xa85e95d0a067cc0a498dbe30532024e884655c9e85c79dacfa08938aca25d4f7
0x8048fb1cfc93d1216d3e5beac71b7e7df0fb5c85,BUY,18183286918434869824441675990794243765466010937775706724610101178401955339057,0x775e71b9c9fd3c0392d32745839c2aedbb51fd329e37295c89872373414317f6,1.344727,0.9889999977690639,1769797262,Trump's travel ban removed by January 31?,trumps-travel-ban-removed-by-january-31,https://polymarket-upload.s3.us-east-2.amazonaws.com/trump-travel-ban-removed-before-july-5D_yIj9zkkDV.jpg,trumps-travel-ban-removed-by-january-31,No,1,Evepool,Minty-Gaffer,,,,0x483a13c4fefc32a138a296013a71fce7b41303a5b0706996a7a14915d4f376df
0xb2eb0d37e7df6b01a48eb573f84964247ef3a19c,BUY,18183286918434869824441675990794243765466010937775706724610101178401955339057,0x775e71b9c9fd3c0392d32745839c2aedbb51fd329e37295c89872373414317f6,5.338636,0.988999999250745,1769786478,Trump's travel ban removed by January 31?,trumps-travel-ban-removed-by-january-31,https://polymarket-upload.s3.us-east-2.amazonaws.com/trump-travel-ban-removed-before-july-5D_yIj9zkkDV.jpg,trumps-travel-ban-removed-by-january-31,No,1,luckygentleman,Remote-Avalanche,Hope for the best,https://polymarket-upload.s3.us-east-2.amazonaws.com/profile-image-804855-96c60a04-cec2-4e7f-b5e5-a70e2a327a6f.jpg,,0x3d213791a63127ed0eeb2eae14daf95c118680628625e66bd4979e9720f18552
0xd88cfbd2a68c813a0ff7792e305a9dda048ba080,BUY,18183286918434869824441675990794243765466010937775706724610101178401955339057,0x775e71b9c9fd3c0392d32745839c2aedbb51fd329e37295c89872373414317f6,15.2757,0.989148975169714,1769750642,Trump's travel ban removed by January 31?,trumps-travel-ban-removed-by-january-31,https://polymarket-upload.s3.us-east-2.amazonaws.com/trump-travel-ban-removed-before-july-5D_yIj9zkkDV.jpg,trumps-travel-ban-removed-by-january-31,No,1,GhostVortex27854,Portly-Array,,,,0xdc8b331549d3d8828782d10dfc7a29ede034e4d8845c826c90640702f6aa95a0
0x6096b60d4d39499ee52683a61b13d7a8eab1e6d9,BUY,18183286918434869824441675990794243765466010937775706724610101178401955339057,0x775e71b9c9fd3c0392d32745839c2aedbb51fd329e37295c89872373414317f6,1.162727,0.9889999974198587,1769690966,Trump's travel ban removed by January 31?,trumps-travel-ban-removed-by-january-31,https://polymarket-upload.s3.us-east-2.amazonaws.com/trump-travel-ban-removed-before-july-5D_yIj9zkkDV.jpg,trumps-travel-ban-removed-by-january-31,No,1,Zikas,Enraged-Jasmine,,,,0xdf1d348bc79022046141acfc5d7d87f15e73c602510f9faa90b3d399272bbca2
0x9c32ddaaf5fb32595e1f35de5ceae425ed743c59,BUY,18183286918434869824441675990794243765466010937775706724610101178401955339057,0x775e71b9c9fd3c0392d32745839c2aedbb51fd329e37295c89872373414317f6,2.760363,0.9889999974641016,1769679250,Trump's travel ban removed by January 31?,trumps-travel-ban-removed-by-january-31,https://polymarket-upload.s3.us-east-2.amazonaws.com/trump-travel-ban-removed-before-july-5D_yIj9zkkDV.jpg,trumps-travel-ban-removed-by-january-31,No,1,Allen7241,Offensive-Peek,,,,0x15199d7b65983476a1e6f58d55f7e627f5c94065b40dc022a15e19c954c1177e
0x5f94ea09f1fe4b506a785ac4526e27a9391f1454,BUY,18183286918434869824441675990794243765466010937775706724610101178401955339057,0x775e71b9c9fd3c0392d32745839c2aedbb51fd329e37295c89872373414317f6,2.002,0.989,1769677772,Trump's travel ban removed by January 31?,trumps-travel-ban-removed-by-january-31,https://polymarket-upload.s3.us-east-2.amazonaws.com/trump-travel-ban-removed-before-july-5D_yIj9zkkDV.jpg,trumps-travel-ban-removed-by-january-31,No,1,lighter-nls,Yummy-Randomization,,,,0x4e0ccd4bb63524850db74368c9cbcf0719eb4de6bd933ed8efe5d74659ddd092
0xf2fb7bba5c12d027678d84a65a826513451ac268,BUY,18183286918434869824441675990794243765466010937775706724610101178401955339057,0x775e71b9c9fd3c0392d32745839c2aedbb51fd329e37295c89872373414317f6,5.28809,0.988999998108958,1769667378,Trump's travel ban removed by January 31?,trumps-travel-ban-removed-by-january-31,https://polymarket-upload.s3.us-east-2.amazonaws.com/trump-travel-ban-removed-before-july-5D_yIj9zkkDV.jpg,trumps-travel-ban-removed-by-january-31,No,1,3LedgerX4,Scrawny-Verdict,,,,0x2626593907c8e03cb0cad8e6a260325318eda61a9a0e49af1ddcd72f18218ce1
0x610cc98a3467cc76fefb5c6e2b403abfad79998f,BUY,18183286918434869824441675990794243765466010937775706724610101178401955339057,0x775e71b9c9fd3c0392d32745839c2aedbb51fd329e37295c89872373414317f6,5.05,0.989,1769659812,Trump's travel ban removed by January 31?,trumps-travel-ban-removed-by-january-31,https://polymarket-upload.s3.us-east-2.amazonaws.com/trump-travel-ban-removed-before-july-5D_yIj9zkkDV.jpg,trumps-travel-ban-removed-by-january-31,No,1,tinybits,Unlined-Proctor,,,,0xd423229b813557fd575965275f550b2f411064a905120b99b118c896a4786e6d
0x6e73df52fa0fab50ca5035971027f094a32669d8,BUY,63955989609279669299894772531754644066954952211322855713974424160103829654584,0x775e71b9c9fd3c0392d32745839c2aedbb51fd329e37295c89872373414317f6,43.385833,0.023048998506033064,1769608015,Trump's travel ban removed by January 31?,trumps-travel-ban-removed-by-january-31,https://polymarket-upload.s3.us-east-2.amazonaws.com/trump-travel-ban-removed-before-july-5D_yIj9zkkDV.jpg,trumps-travel-ban-removed-by-january-31,Yes,0,Damonnnnna,Slippery-Bun,,,,0xdab0dd4c59e496a286f40c5ad864ad27c92eff169d6ee17be2c061054baaa98e
0xec4e8e525969c4b9072eed0193e587b73876d9db,SELL,18183286918434869824441675990794243765466010937775706724610101178401955339057,0x775e71b9c9fd3c0392d32745839c2aedbb51fd329e37295c89872373414317f6,60.0,0.9896948333333333,1769460519,Trump's travel ban removed by January 31?,trumps-travel-ban-removed-by-january-31,https://polymarket-upload.s3.us-east-2.amazonaws.com/trump-travel-ban-removed-before-july-5D_yIj9zkkDV.jpg,trumps-travel-ban-removed-by-january-31,No,1,southbets,Meaty-Locket,Nothing to put here,,,0xdf4d4e2a3bc9688aa863cc6f64233d48facd0e3acaaf961684bad092843c2903
0xd099799382c1161cc07b3c9a8c9118987d163a44,SELL,18183286918434869824441675990794243765466010937775706724610101178401955339057,0x775e71b9c9fd3c0392d32745839c2aedbb51fd329e37295c89872373414317f6,1.16,0.993,1769438921,Trump's travel ban removed by January 31?,trumps-travel-ban-removed-by-january-31,https://polymarket-upload.s3.us-east-2.amazonaws.com/trump-travel-ban-removed-before-july-5D_yIj9zkkDV.jpg,trumps-travel-ban-removed-by-january-31,No,1,Little-whale,Careless-Preservation,,,,0x1ad14de55def95f871aaa27ed9ed32da28d60664dd088ffa70087d28d2c46fc2
0x413d1ff09fa67c08d9bf295ea4804a26cc02d704,BUY,18183286918434869824441675990794243765466010937775706724610101178401955339057,0x775e71b9c9fd3c0392d32745839c2aedbb51fd329e37295c89872373414317f6,5.0,0.996,1769425223,Trump's travel ban removed by January 31?,trumps-travel-ban-removed-by-january-31,https://polymarket-upload.s3.us-east-2.amazonaws.com/trump-travel-ban-removed-before-july-5D_yIj9zkkDV.jpg,trumps-travel-ban-removed-by-january-31,No,1,nutildah,Considerate-Freight,"Im the real nutildah, crypto OG and degenerated gambler on Polymarket - old account",https://polymarket-upload.s3.us-east-2.amazonaws.com/profile-image-1169868-e414b28e-6c74-4b90-a393-1ea5bb0dc3d1.jpg,,0xcd0408d2f0155b2d081ca4ba6d2b4342a520ed42a8000cf393314312137fac4a
0xec4e8e525969c4b9072eed0193e587b73876d9db,SELL,18183286918434869824441675990794243765466010937775706724610101178401955339057,0x775e71b9c9fd3c0392d32745839c2aedbb51fd329e37295c89872373414317f6,100.0,0.991531,1769355086,Trump's travel ban removed by January 31?,trumps-travel-ban-removed-by-january-31,https://polymarket-upload.s3.us-east-2.amazonaws.com/trump-travel-ban-removed-before-july-5D_yIj9zkkDV.jpg,trumps-travel-ban-removed-by-january-31,No,1,southbets,Meaty-Locket,Nothing to put here,,,0x5db2dd92cfc76c2017da558013f40a9b7131ab2f333c3d91a2a7f7be597d062f
0xb1fcbff6ff8041f3f144925b7977da4ab91551ac,SELL,18183286918434869824441675990794243765466010937775706724610101178401955339057,0x775e71b9c9fd3c0392d32745839c2aedbb51fd329e37295c89872373414317f6,45.0,0.994,1769252726,Trump's travel ban removed by January 31?,trumps-travel-ban-removed-by-january-31,https://polymarket-upload.s3.us-east-2.amazonaws.com/trump-travel-ban-removed-before-july-5D_yIj9zkkDV.jpg,trumps-travel-ban-removed-by-january-31,No,1,ToniPolster,Blond-Woolens,,,,0xfc72d5b9ce1cf5e3b3c0fda88448131537cc913ffdfd9a05f2aa2d1b5b8a33e9
0x87650b9f63563f7c456d9bbcceee5f9faf06ed81,SELL,63955989609279669299894772531754644066954952211322855713974424160103829654584,0x775e71b9c9fd3c0392d32745839c2aedbb51fd329e37295c89872373414317f6,39.2,0.005,1769252056,Trump's travel ban removed by January 31?,trumps-travel-ban-removed-by-january-31,https://polymarket-upload.s3.us-east-2.amazonaws.com/trump-travel-ban-removed-before-july-5D_yIj9zkkDV.jpg,trumps-travel-ban-removed-by-january-31,Yes,0,2B9S,Straight-Wrinkle,2 bakeries 9 stoves,https://polymarket-upload.s3.us-east-2.amazonaws.com/profile-image-3138190-50930f4a-c87d-46ec-b072-9bc46d75bc78.png,,0x674da1fbd64dcad61fb927a1c59ac47693d5dbeb7fd1365f07b0158c9f6057c9
0xc8ab97a9089a9ff7e6ef0688e6e591a066946418,SELL,63955989609279669299894772531754644066954952211322855713974424160103829654584,0x775e71b9c9fd3c0392d32745839c2aedbb51fd329e37295c89872373414317f6,386.31,0.006419455877404157,1769248852,Trump's travel ban removed by January 31?,trumps-travel-ban-removed-by-january-31,https://polymarket-upload.s3.us-east-2.amazonaws.com/trump-travel-ban-removed-before-july-5D_yIj9zkkDV.jpg,trumps-travel-ban-removed-by-january-31,Yes,0,ArmageddonRewardsBilly,Hideous-Racer,"After the fight battle is fought, The legend of Billy the farmer will live forever.",https://polymarket-upload.s3.us-east-2.amazonaws.com/rewardsiconbilly_637fb65a-1112-49bc-9376-3fb6d377cde0_1738970845400.png,,0xd75d58c10c9996c92b3ec1c1bc3d29ca3fbe117627c6a5fa66b80ff9e9766427
0x08098927d7c4311731a8432d135027d29d5db2f4,SELL,18183286918434869824441675990794243765466010937775706724610101178401955339057,0x775e71b9c9fd3c0392d32745839c2aedbb51fd329e37295c89872373414317f6,5.26,0.974,1769242042,Trump's travel ban removed by January 31?,trumps-travel-ban-removed-by-january-31,https://polymarket-upload.s3.us-east-2.amazonaws.com/trump-travel-ban-removed-before-july-5D_yIj9zkkDV.jpg,trumps-travel-ban-removed-by-january-31,No,1,seriolud,Fortunate-Protest,,,,0xb315e4a8d642f6700aa5475436b6f38705ddfcf321e3264be95d36ce817d69a8
0x0a7aaf83341b52df34e8ffef52aa295538d6df1b,SELL,63955989609279669299894772531754644066954952211322855713974424160103829654584,0x775e71b9c9fd3c0392d32745839c2aedbb51fd329e37295c89872373414317f6,36.89,0.020677690431011114,1769239862,Trump's travel ban removed by January 31?,trumps-travel-ban-removed-by-january-31,https://polymarket-upload.s3.us-east-2.amazonaws.com/trump-travel-ban-removed-before-july-5D_yIj9zkkDV.jpg,trumps-travel-ban-removed-by-january-31,Yes,0,Perypery,Essential-Diarist,,,,0x9c4f061b7c5fc968685e5454cbc0da5e456cf7aaf9dde61af12b44adb20f5aa4
0xd14aa86fa6cac2e09edd9944f5c0c0d48634a8ad,BUY,18183286918434869824441675990794243765466010937775706724610101178401955339057,0x775e71b9c9fd3c0392d32745839c2aedbb51fd329e37295c89872373414317f6,927.8771,0.9699559974052598,1769232200,Trump's travel ban removed by January 31?,trumps-travel-ban-removed-by-january-31,https://polymarket-upload.s3.us-east-2.amazonaws.com/trump-travel-ban-removed-before-july-5D_yIj9zkkDV.jpg,trumps-travel-ban-removed-by-january-31,No,1,l3t0,Faraway-Cotton,,,,0xc9118d4d658c9fac0913ec5665be3054206e94dbfc57eb41822d61cd58b11d1b
0xb6a2a66e8ee6ec02189125481461c64f35ad4b66,SELL,63955989609279669299894772531754644066954952211322855713974424160103829654584,0x775e71b9c9fd3c0392d32745839c2aedbb51fd329e37295c89872373414317f6,9.02,0.04,1769231730,Trump's travel ban removed by January 31?,trumps-travel-ban-removed-by-january-31,https://polymarket-upload.s3.us-east-2.amazonaws.com/trump-travel-ban-removed-before-july-5D_yIj9zkkDV.jpg,trumps-travel-ban-removed-by-january-31,Yes,0,R21llsa,Huge-Stamen,,,,0x5ff56fef73acc9558ff645f784f5077a9b6d0608d46e11125b545e3f1054673e
0xc71b43cf1a6c9f79743bdf5e15a763d93d7ce265,SELL,63955989609279669299894772531754644066954952211322855713974424160103829654584,0x775e71b9c9fd3c0392d32745839c2aedbb51fd329e37295c89872373414317f6,133.2,0.04,1769212936,Trump's travel ban removed by January 31?,trumps-travel-ban-removed-by-january-31,https://polymarket-upload.s3.us-east-2.amazonaws.com/trump-travel-ban-removed-before-july-5D_yIj9zkkDV.jpg,trumps-travel-ban-removed-by-january-31,Yes,0,keybo,Spirited-Bid,,,,0x21bca41c47ffc952fbf57a60a0a15bf3fdb911d3e2c96b870323001a7c0d186c
0xc71b43cf1a6c9f79743bdf5e15a763d93d7ce265,SELL,63955989609279669299894772531754644066954952211322855713974424160103829654584,0x775e71b9c9fd3c0392d32745839c2aedbb51fd329e37295c89872373414317f6,66.8,0.05,1769212808,Trump's travel ban removed by January 31?,trumps-travel-ban-removed-by-january-31,https://polymarket-upload.s3.us-east-2.amazonaws.com/trump-travel-ban-removed-before-july-5D_yIj9zkkDV.jpg,trumps-travel-ban-removed-by-january-31,Yes,0,keybo,Spirited-Bid,,,,0x0ca1af1b8402ca6d9a86c25d15b50b11bbfd216af6d2c05a83b8720d8a4af32f
0xb1456831962922bcad20bf9e8e86f7fba96a3da8,BUY,63955989609279669299894772531754644066954952211322855713974424160103829654584,0x775e71b9c9fd3c0392d32745839c2aedbb51fd329e37295c89872373414317f6,55.1875,0.072480181200453,1769115236,Trump's travel ban removed by January 31?,trumps-travel-ban-removed-by-january-31,https://polymarket-upload.s3.us-east-2.amazonaws.com/trump-travel-ban-removed-before-july-5D_yIj9zkkDV.jpg,trumps-travel-ban-removed-by-january-31,Yes,0,Shibamika,Fresh-Fax,,,,0xdd9101852163cad8295e3319038ad45815e530da8cd8994f73591b8a7fb2a6f3
0x545252a3e4c13d2a544046b1f5b355c7c54d2527,BUY,18183286918434869824441675990794243765466010937775706724610101178401955339057,0x775e71b9c9fd3c0392d32745839c2aedbb51fd329e37295c89872373414317f6,26.31578,0.95,1768990788,Trump's travel ban removed by January 31?,trumps-travel-ban-removed-by-january-31,https://polymarket-upload.s3.us-east-2.amazonaws.com/trump-travel-ban-removed-before-july-5D_yIj9zkkDV.jpg,trumps-travel-ban-removed-by-january-31,No,1,DiamondHands,Dizzy-Renaissance,,,,0x746e23d1db3227a9ed129100c5b8c1ac013b0c816886a112b33c671f2bbd7e72
0xec4e8e525969c4b9072eed0193e587b73876d9db,BUY,18183286918434869824441675990794243765466010937775706724610101178401955339057,0x775e71b9c9fd3c0392d32745839c2aedbb51fd329e37295c89872373414317f6,31.578946,0.9499999778333323,1768981318,Trump's travel ban removed by January 31?,trumps-travel-ban-removed-by-january-31,https://polymarket-upload.s3.us-east-2.amazonaws.com/trump-travel-ban-removed-before-july-5D_yIj9zkkDV.jpg,trumps-travel-ban-removed-by-january-31,No,1,southbets,Meaty-Locket,Nothing to put here,,,0x75ef8754bb25e9a1f43603ebfc2cc618e4bfb665bbc150db459ca35c118acfd1
0xb8ad2849635c9ce413f1fdd2e7b364bbfafeff58,BUY,18183286918434869824441675990794243765466010937775706724610101178401955339057,0x775e71b9c9fd3c0392d32745839c2aedbb51fd329e37295c89872373414317f6,10.0,0.95,1768944994,Trump's travel ban removed by January 31?,trumps-travel-ban-removed-by-january-31,https://polymarket-upload.s3.us-east-2.amazonaws.com/trump-travel-ban-removed-before-july-5D_yIj9zkkDV.jpg,trumps-travel-ban-removed-by-january-31,No,1,Rr55,Scared-Administrator,"Bet small, panic big",https://polymarket-upload.s3.us-east-2.amazonaws.com/profile-image-1501572-462c1cc3-9a8a-486b-98d5-fa493c037660.png,,0xde3b88f286d9a61a9f27d1bae694ff67eecbd6bd83e7701fe2934fc0400c6c65
0xf7782382a051b3c8b82ee984d87638a1a4b72f09,SELL,18183286918434869824441675990794243765466010937775706724610101178401955339057,0x775e71b9c9fd3c0392d32745839c2aedbb51fd329e37295c89872373414317f6,200.0,0.932381,1768639388,Trump's travel ban removed by January 31?,trumps-travel-ban-removed-by-january-31,https://polymarket-upload.s3.us-east-2.amazonaws.com/trump-travel-ban-removed-before-july-5D_yIj9zkkDV.jpg,trumps-travel-ban-removed-by-january-31,No,1,yummythighs,Purple-Fiesta,,https://polymarket-upload.s3.us-east-2.amazonaws.com/323112_b77b5c76-8dea-4270-9dbd-464eafc2c28d_1729534981220.jpg,,0x032c25d1acce4ee6635ff7c741625e03c06d46c3c4803fca8975f1dd26758e41
0xcbf2c2771db5b3f934049d277da1cc691cdd6395,SELL,18183286918434869824441675990794243765466010937775706724610101178401955339057,0x775e71b9c9fd3c0392d32745839c2aedbb51fd329e37295c89872373414317f6,1.13,0.94,1768497048,Trump's travel ban removed by January 31?,trumps-travel-ban-removed-by-january-31,https://polymarket-upload.s3.us-east-2.amazonaws.com/trump-travel-ban-removed-before-july-5D_yIj9zkkDV.jpg,trumps-travel-ban-removed-by-january-31,No,1,bravechimp,Wicked-Cot,,,,0xd9e683378b03c67f9ed428de50f7f3316b845f1145ea212a84dfb8fd25224931
0xd6f201d7c0620ca600ad3394740cc0e567d471e9,BUY,18183286918434869824441675990794243765466010937775706724610101178401955339057,0x775e71b9c9fd3c0392d32745839c2aedbb51fd329e37295c89872373414317f6,1.05263,0.9499995249992875,1768355866,Trump's travel ban removed by January 31?,trumps-travel-ban-removed-by-january-31,https://polymarket-upload.s3.us-east-2.amazonaws.com/trump-travel-ban-removed-before-july-5D_yIj9zkkDV.jpg,trumps-travel-ban-removed-by-january-31,No,1,0xD6F201d7C0620ca600aD3394740cC0e567D471E9-1760496500784,Ideal-Netball,,,,0x63b7b9f6a2a748ae6de48d7d72a1a447a9828d06782af7b4aa6d30d0ca81de30
0x17b70c3724ca1be7721b07dd1a2ff8e1dc8e1ecc,SELL,18183286918434869824441675990794243765466010937775706724610101178401955339057,0x775e71b9c9fd3c0392d32745839c2aedbb51fd329e37295c89872373414317f6,1.25,0.94,1768310229,Trump's travel ban removed by January 31?,trumps-travel-ban-removed-by-january-31,https://polymarket-upload.s3.us-east-2.amazonaws.com/trump-travel-ban-removed-before-july-5D_yIj9zkkDV.jpg,trumps-travel-ban-removed-by-january-31,No,1,Galucucu,Humongous-Settlement,,,,0xb2dbe0e02044d09c8c1fe4b4b6931a53eeaff77541dfe714f64fe44746743afd
0xc0d9663ef63aa5bc83fea024ca3d36f6c1a6f74f,BUY,18183286918434869824441675990794243765466010937775706724610101178401955339057,0x775e71b9c9fd3c0392d32745839c2aedbb51fd329e37295c89872373414317f6,1.05263,0.9499995249992875,1768297999,Trump's travel ban removed by January 31?,trumps-travel-ban-removed-by-january-31,https://polymarket-upload.s3.us-east-2.amazonaws.com/trump-travel-ban-removed-before-july-5D_yIj9zkkDV.jpg,trumps-travel-ban-removed-by-january-31,No,1,0xC0D9663eF63aA5bc83feA024cA3D36F6c1A6f74f-1760443829141,Finished-Derivative,,,,0x7c93e9b6e9bfffc48d30d117e40567237d4530ccc6642ddec3a5cea8c54b64d3
0xabce9b3316f9ea07409e4327e44dff12377f8dec,BUY,18183286918434869824441675990794243765466010937775706724610101178401955339057,0x775e71b9c9fd3c0392d32745839c2aedbb51fd329e37295c89872373414317f6,1.05263,0.9499995249992875,1768296241,Trump's travel ban removed by January 31?,trumps-travel-ban-removed-by-january-31,https://polymarket-upload.s3.us-east-2.amazonaws.com/trump-travel-ban-removed-before-july-5D_yIj9zkkDV.jpg,trumps-travel-ban-removed-by-january-31,No,1,0xABCe9b3316f9EA07409E4327e44Dff12377f8deC-1760432805619,Unacceptable-Magazine,,,,0xa8335b5baab0fe8c44b339f6df6d53fc27e2732597b1d615e3d1c487cb659137
0xb19375cd4f151ddbf41132a3669464665075da62,BUY,18183286918434869824441675990794243765466010937775706724610101178401955339057,0x775e71b9c9fd3c0392d32745839c2aedbb51fd329e37295c89872373414317f6,1.05263,0.9499995249992875,1768296071,Trump's travel ban removed by January 31?,trumps-travel-ban-removed-by-january-31,https://polymarket-upload.s3.us-east-2.amazonaws.com/trump-travel-ban-removed-before-july-5D_yIj9zkkDV.jpg,trumps-travel-ban-removed-by-january-31,No,1,0xB19375Cd4f151DDBf41132A3669464665075da62-1760441625492,Frightening-Regard,,,,0x225578fcbda79fdb312b906587fb487f71ea97d6751a4c2e4cfd6e8746d04c25
0xc92fa84eadb769170254ee7495dc35bfd653c123,BUY,18183286918434869824441675990794243765466010937775706724610101178401955339057,0x775e71b9c9fd3c0392d32745839c2aedbb51fd329e37295c89872373414317f6,1.05263,0.9499995249992875,1768296069,Trump's travel ban removed by January 31?,trumps-travel-ban-removed-by-january-31,https://polymarket-upload.s3.us-east-2.amazonaws.com/trump-travel-ban-removed-before-july-5D_yIj9zkkDV.jpg,trumps-travel-ban-removed-by-january-31,No,1,0xc92fA84eAdb769170254EE7495Dc35bfd653c123-1760441624210,Vigilant-Fava,,,,0xfb2045b5392fdd6b74452c92a6f98dadff330d0e771421f85e6726afd0e8c64b
0xab10c799a078b5689bf7d3bf55ddb5b318fbe638,BUY,18183286918434869824441675990794243765466010937775706724610101178401955339057,0x775e71b9c9fd3c0392d32745839c2aedbb51fd329e37295c89872373414317f6,1.05263,0.9499995249992875,1768293795,Trump's travel ban removed by January 31?,trumps-travel-ban-removed-by-january-31,https://polymarket-upload.s3.us-east-2.amazonaws.com/trump-travel-ban-removed-before-july-5D_yIj9zkkDV.jpg,trumps-travel-ban-removed-by-january-31,No,1,WbUuyrokT,Artistic-Sting,,,,0xba44c6cb801f8a3040e5ee521396c7f21a771f03052b90e13691a1252c4f6a04
0x990611ccc510d5f2e960f7ba4d18c21c420cab86,BUY,18183286918434869824441675990794243765466010937775706724610101178401955339057,0x775e71b9c9fd3c0392d32745839c2aedbb51fd329e37295c89872373414317f6,1.05263,0.9499995249992875,1768289775,Trump's travel ban removed by January 31?,trumps-travel-ban-removed-by-january-31,https://polymarket-upload.s3.us-east-2.amazonaws.com/trump-travel-ban-removed-before-july-5D_yIj9zkkDV.jpg,trumps-travel-ban-removed-by-january-31,No,1,TOklg8Klp,Rich-Muscatel,,,,0x92cbcacd0d73fb1180ab4f7a1da7cece17eb9cef19b0540dcc49a1ffdb7d9f4f
0x14eeee2d98de36a563597f073b103e0ba98c137b,BUY,18183286918434869824441675990794243765466010937775706724610101178401955339057,0x775e71b9c9fd3c0392d32745839c2aedbb51fd329e37295c89872373414317f6,1.05263,0.9499995249992875,1768289239,Trump's travel ban removed by January 31?,trumps-travel-ban-removed-by-january-31,https://polymarket-upload.s3.us-east-2.amazonaws.com/trump-travel-ban-removed-before-july-5D_yIj9zkkDV.jpg,trumps-travel-ban-removed-by-january-31,No,1,vdtF8diQA,Warlike-Square,,,,0xb0b06b8693ce916ffff54c5e0ce266f45e851433405bb164b5aa595b609d122b
0xb2cc6984f53474048eac506c77b9234cb6dedaaf,BUY,18183286918434869824441675990794243765466010937775706724610101178401955339057,0x775e71b9c9fd3c0392d32745839c2aedbb51fd329e37295c89872373414317f6,1.05263,0.9499995249992875,1768287587,Trump's travel ban removed by January 31?,trumps-travel-ban-removed-by-january-31,https://polymarket-upload.s3.us-east-2.amazonaws.com/trump-travel-ban-removed-before-july-5D_yIj9zkkDV.jpg,trumps-travel-ban-removed-by-january-31,No,1,oRkWzVaqU,Delectable-Rumor,,,,0x16c8d59c649310f067f83b83dc00959aaac2dc8cca9f4c6182a09454d70e2813
0x86343679d9efa129315defde58b604f33b3b545b,BUY,18183286918434869824441675990794243765466010937775706724610101178401955339057,0x775e71b9c9fd3c0392d32745839c2aedbb51fd329e37295c89872373414317f6,1.05263,0.9499995249992875,1768276471,Trump's travel ban removed by January 31?,trumps-travel-ban-removed-by-january-31,https://polymarket-upload.s3.us-east-2.amazonaws.com/trump-travel-ban-removed-before-july-5D_yIj9zkkDV.jpg,trumps-travel-ban-removed-by-january-31,No,1,D0K68H8vc,Overdue-Bladder,,,,0x12920b1a515f4ec09ebea7a8d93c212eea5914189de0e796650aecd29438934a
0x57bede5faf70f921687bbb10c5a14727f2f8bdd1,BUY,18183286918434869824441675990794243765466010937775706724610101178401955339057,0x775e71b9c9fd3c0392d32745839c2aedbb51fd329e37295c89872373414317f6,1.05263,0.9499995249992875,1768268505,Trump's travel ban removed by January 31?,trumps-travel-ban-removed-by-january-31,https://polymarket-upload.s3.us-east-2.amazonaws.com/trump-travel-ban-removed-before-july-5D_yIj9zkkDV.jpg,trumps-travel-ban-removed-by-january-31,No,1,hM9pzh630,Handsome-Window,,,,0x093e66031f8e417f36623141eedab49d8df1b608cc6b78f080da362f4ee2f899
0x7a9efd52caba96e13d0f01d774e16df4d039943f,BUY,18183286918434869824441675990794243765466010937775706724610101178401955339057,0x775e71b9c9fd3c0392d32745839c2aedbb51fd329e37295c89872373414317f6,1.05263,0.9499995249992875,1768268501,Trump's travel ban removed by January 31?,trumps-travel-ban-removed-by-january-31,https://polymarket-upload.s3.us-east-2.amazonaws.com/trump-travel-ban-removed-before-july-5D_yIj9zkkDV.jpg,trumps-travel-ban-removed-by-january-31,No,1,l8yttYMqC,Yummy-Nestling,,,,0x4859e42406c749d43f0e4f69cb89bb3db276e2fa01d091e53e0b811fdc2383b4
0xb886580698ede4b18de3e446b2d8da8bcedd81b3,BUY,18183286918434869824441675990794243765466010937775706724610101178401955339057,0x775e71b9c9fd3c0392d32745839c2aedbb51fd329e37295c89872373414317f6,1.05263,0.9499995249992875,1768267415,Trump's travel ban removed by January 31?,trumps-travel-ban-removed-by-january-31,https://polymarket-upload.s3.us-east-2.amazonaws.com/trump-travel-ban-removed-before-july-5D_yIj9zkkDV.jpg,trumps-travel-ban-removed-by-january-31,No,1,0xB886580698eDE4b18DE3E446b2D8Da8bCEdd81B3-1767532547794,Threadbare-Signal,,,,0x7c245442cc331ca860d0c78ddd1f10a79fc60e52d8b09dcbade503314d0345c7
0x37b278ab19e1cdc0e392da980dcc59ef802a8681,SELL,63955989609279669299894772531754644066954952211322855713974424160103829654584,0x775e71b9c9fd3c0392d32745839c2aedbb51fd329e37295c89872373414317f6,131.01,0.05,1768227012,Trump's travel ban removed by January 31?,trumps-travel-ban-removed-by-january-31,https://polymarket-upload.s3.us-east-2.amazonaws.com/trump-travel-ban-removed-before-july-5D_yIj9zkkDV.jpg,trumps-travel-ban-removed-by-january-31,Yes,0,lobzziz,Awkward-Wrecker,betmoar-44259,,,0x99284cbd0410322da2657bd3c660607137aac8ce0510f4461e056f9a83c4b63a
0x9c6a6e0b25b08b19c36c7fc878b3c216a359b584,BUY,18183286918434869824441675990794243765466010937775706724610101178401955339057,0x775e71b9c9fd3c0392d32745839c2aedbb51fd329e37295c89872373414317f6,1.05262,0.95,1768206104,Trump's travel ban removed by January 31?,trumps-travel-ban-removed-by-january-31,https://polymarket-upload.s3.us-east-2.amazonaws.com/trump-travel-ban-removed-before-july-5D_yIj9zkkDV.jpg,trumps-travel-ban-removed-by-january-31,No,1,0x9C6A6E0b25b08B19c36C7fC878B3c216a359B584-1763174615530,Forceful-Hacienda,,,,0xebc64d0005c334a820739e204546f4051dfbc2526795ebc092327fa980bc3f23
0xcf857ac9a2c4290172e37c5caf9846ec73608b6a,BUY,18183286918434869824441675990794243765466010937775706724610101178401955339057,0x775e71b9c9fd3c0392d32745839c2aedbb51fd329e37295c89872373414317f6,1.05262,0.95,1768204994,Trump's travel ban removed by January 31?,trumps-travel-ban-removed-by-january-31,https://polymarket-upload.s3.us-east-2.amazonaws.com/trump-travel-ban-removed-before-july-5D_yIj9zkkDV.jpg,trumps-travel-ban-removed-by-january-31,No,1,0xCF857AC9a2c4290172e37c5cAF9846eC73608B6a-1763171594862,Earnest-Pecan,,,,0xa0aebbaed3e058045195a3924025f5c71a2cc185ce6ce4f0efa5d13a87b36546
0x3a5792786cd60eda18a51c69f698726dfd0148f9,BUY,18183286918434869824441675990794243765466010937775706724610101178401955339057,0x775e71b9c9fd3c0392d32745839c2aedbb51fd329e37295c89872373414317f6,1.05262,0.95,1768204988,Trump's travel ban removed by January 31?,trumps-travel-ban-removed-by-january-31,https://polymarket-upload.s3.us-east-2.amazonaws.com/trump-travel-ban-removed-before-july-5D_yIj9zkkDV.jpg,trumps-travel-ban-removed-by-january-31,No,1,0x3A5792786CD60EDa18a51C69F698726dfD0148F9-1763171594437,Dramatic-Theme,,,,0x366b642a1c6893e595373dc1d43b3860c79e962cf098c0a940c0c7ea6c74347f
0x097e1a23345e9b29cf6ca0d618cad6ef6266b868,BUY,18183286918434869824441675990794243765466010937775706724610101178401955339057,0x775e71b9c9fd3c0392d32745839c2aedbb51fd329e37295c89872373414317f6,1.05262,0.95,1768199734,Trump's travel ban removed by January 31?,trumps-travel-ban-removed-by-january-31,https://polymarket-upload.s3.us-east-2.amazonaws.com/trump-travel-ban-removed-before-july-5D_yIj9zkkDV.jpg,trumps-travel-ban-removed-by-january-31,No,1,0x097e1a23345e9b29cF6cA0D618cAD6ef6266B868-1763088444624,Normal-Banjo,,,,0xfe59d33a7e3d8b4ea0e828ea071cbc16eaac4201c196bf47466411086afb2303
0x9799e125c5ec2b6e0a86f9aa79256261196e5f13,BUY,18183286918434869824441675990794243765466010937775706724610101178401955339057,0x775e71b9c9fd3c0392d32745839c2aedbb51fd329e37295c89872373414317f6,1.05262,0.95,1768199702,Trump's travel ban removed by January 31?,trumps-travel-ban-removed-by-january-31,https://polymarket-upload.s3.us-east-2.amazonaws.com/trump-travel-ban-removed-before-july-5D_yIj9zkkDV.jpg,trumps-travel-ban-removed-by-january-31,No,1,dj8egv7OkHM,Weak-Membrane,,,,0xebaea14a5e8b162a69a115e250edac042783b2ad8fc0d0eda46c1f9c41d11502
0x603779d76c7a5a5ec3d1ddb176d163455bc988ee,BUY,18183286918434869824441675990794243765466010937775706724610101178401955339057,0x775e71b9c9fd3c0392d32745839c2aedbb51fd329e37295c89872373414317f6,2.10526,0.95,1768188292,Trump's travel ban removed by January 31?,trumps-travel-ban-removed-by-january-31,https://polymarket-upload.s3.us-east-2.amazonaws.com/trump-travel-ban-removed-before-july-5D_yIj9zkkDV.jpg,trumps-travel-ban-removed-by-january-31,No,1,Xi9jtu9YKfU,Enormous-Spoon,,,,0xc062c963f0e2ba0de0128a23b423bde62de7534bcc59400b87f6c888deb241c5
0xda6c0fb775bc5aecb5ffa4e89ccc0daae39aa389,BUY,18183286918434869824441675990794243765466010937775706724610101178401955339057,0x775e71b9c9fd3c0392d32745839c2aedbb51fd329e37295c89872373414317f6,1.05262,0.95,1768188276,Trump's travel ban removed by January 31?,trumps-travel-ban-removed-by-january-31,https://polymarket-upload.s3.us-east-2.amazonaws.com/trump-travel-ban-removed-before-july-5D_yIj9zkkDV.jpg,trumps-travel-ban-removed-by-january-31,No,1,0xDa6c0Fb775BC5aeCb5fFa4E89CCc0DaAe39AA389-1762564691450,Purple-Evidence,,,,0xcd609d6965f2b61dc1570de5473b2ec3351ae6b06c5b295c5d29d411fad9b886
0x089b19c256f5327e1b6e9ecab6253fecaed00e5b,BUY,18183286918434869824441675990794243765466010937775706724610101178401955339057,0x775e71b9c9fd3c0392d32745839c2aedbb51fd329e37295c89872373414317f6,1.05262,0.95,1768188242,Trump's travel ban removed by January 31?,trumps-travel-ban-removed-by-january-31,https://polymarket-upload.s3.us-east-2.amazonaws.com/trump-travel-ban-removed-before-july-5D_yIj9zkkDV.jpg,trumps-travel-ban-removed-by-january-31,No,1,0x089b19C256F5327e1b6E9ECAB6253feCAEd00e5B-1762568851750,Interesting-Loading,,,,0xf2ffd9747a18280879d6af237f86c30d0c0aa43d0f13ac4fd32122c91d5991dd
0xed7a541ccd18b3730bc677025bc9a4f49eb62186,BUY,18183286918434869824441675990794243765466010937775706724610101178401955339057,0x775e71b9c9fd3c0392d32745839c2aedbb51fd329e37295c89872373414317f6,1.05262,0.95,1768188238,Trump's travel ban removed by January 31?,trumps-travel-ban-removed-by-january-31,https://polymarket-upload.s3.us-east-2.amazonaws.com/trump-travel-ban-removed-before-july-5D_yIj9zkkDV.jpg,trumps-travel-ban-removed-by-january-31,No,1,Lx3KZy8SbHU,Ecstatic-Impulse,,,,0xd06e1ee3c5afe07767bc77e9f01788fb4b924c239f9ae3341d1b8f7263e59b21
0x545252a3e4c13d2a544046b1f5b355c7c54d2527,BUY,18183286918434869824441675990794243765466010937775706724610101178401955339057,0x775e71b9c9fd3c0392d32745839c2aedbb51fd329e37295c89872373414317f6,26.31578,0.95,1768059130,Trump's travel ban removed by January 31?,trumps-travel-ban-removed-by-january-31,https://polymarket-upload.s3.us-east-2.amazonaws.com/trump-travel-ban-removed-before-july-5D_yIj9zkkDV.jpg,trumps-travel-ban-removed-by-january-31,No,1,DiamondHands,Dizzy-Renaissance,,,,0xbb15224709179fdcc3918eae46826312c7c840b6bb9917c2efb4db6afe756969
0x08098927d7c4311731a8432d135027d29d5db2f4,BUY,18183286918434869824441675990794243765466010937775706724610101178401955339057,0x775e71b9c9fd3c0392d32745839c2aedbb51fd329e37295c89872373414317f6,5.26314,0.95,1767970700,Trump's travel ban removed by January 31?,trumps-travel-ban-removed-by-january-31,https://polymarket-upload.s3.us-east-2.amazonaws.com/trump-travel-ban-removed-before-july-5D_yIj9zkkDV.jpg,trumps-travel-ban-removed-by-january-31,No,1,seriolud,Fortunate-Protest,,,,0x5c8491848af6b13a352a08bf506ddaacd4b7a5ce6c4e53c5330f9d6b880068e4
0x5505c949a63733e41f3d714d92fbe7bd222cd7b8,BUY,18183286918434869824441675990794243765466010937775706724610101178401955339057,0x775e71b9c9fd3c0392d32745839c2aedbb51fd329e37295c89872373414317f6,103.94736,0.95,1767956304,Trump's travel ban removed by January 31?,trumps-travel-ban-removed-by-january-31,https://polymarket-upload.s3.us-east-2.amazonaws.com/trump-travel-ban-removed-before-july-5D_yIj9zkkDV.jpg,trumps-travel-ban-removed-by-january-31,No,1,Alexppp,Biodegradable-Resort,,,,0x10f8156c210a1fc599046c020e43139d39b0cf21cb733d7d81dea73d5aeca26e
0xa652bd5ca73e59bca73460e59b6f1e4619046e59,SELL,18183286918434869824441675990794243765466010937775706724610101178401955339057,0x775e71b9c9fd3c0392d32745839c2aedbb51fd329e37295c89872373414317f6,4.59,0.94,1767874543,Trump's travel ban removed by January 31?,trumps-travel-ban-removed-by-january-31,https://polymarket-upload.s3.us-east-2.amazonaws.com/trump-travel-ban-removed-before-july-5D_yIj9zkkDV.jpg,trumps-travel-ban-removed-by-january-31,No,1,DollarAfterDollar10k,Canine-Realization,,https://polymarket-upload.s3.us-east-2.amazonaws.com/profile-image-4065271-abab03cb-4cf8-44bc-8b29-adb904646d4b.jpg,,0x3b338a36b5f6a4863885a30ab56b1a6fd8f40332c4d3bf765dff100f1d17e84b
0x31974a9cf9e06cc1cf84e22a4955c69d7415b9ac,SELL,18183286918434869824441675990794243765466010937775706724610101178401955339057,0x775e71b9c9fd3c0392d32745839c2aedbb51fd329e37295c89872373414317f6,5.81,0.94,1767827755,Trump's travel ban removed by January 31?,trumps-travel-ban-removed-by-january-31,https://polymarket-upload.s3.us-east-2.amazonaws.com/trump-travel-ban-removed-before-july-5D_yIj9zkkDV.jpg,trumps-travel-ban-removed-by-january-31,No,1,Virginrooster,Blissful-Probation,,,,0x4d55dc9bc7dcc453c67d9f992bc216f0673294bcc61cb27f67b2410a0ea3474e
0x0d7d9ab0fcf1ea62a9c6de26f7580e76aa8a2f0e,BUY,18183286918434869824441675990794243765466010937775706724610101178401955339057,0x775e71b9c9fd3c0392d32745839c2aedbb51fd329e37295c89872373414317f6,9.47368,0.95,1767815035,Trump's travel ban removed by January 31?,trumps-travel-ban-removed-by-january-31,https://polymarket-upload.s3.us-east-2.amazonaws.com/trump-travel-ban-removed-before-july-5D_yIj9zkkDV.jpg,trumps-travel-ban-removed-by-january-31,No,1,Yellowyolk,Lonely-Clarity,,,,0xc0a5797d7733d4784776884aacfb386a3319aa9f49643de938297c53a00de20e
0xe8148e6e2e108983a87ac32f951f161b7234e19b,BUY,18183286918434869824441675990794243765466010937775706724610101178401955339057,0x775e71b9c9fd3c0392d32745839c2aedbb51fd329e37295c89872373414317f6,5.26314,0.95,1767786667,Trump's travel ban removed by January 31?,trumps-travel-ban-removed-by-january-31,https://polymarket-upload.s3.us-east-2.amazonaws.com/trump-travel-ban-removed-before-july-5D_yIj9zkkDV.jpg,trumps-travel-ban-removed-by-january-31,No,1,ktt428,Incompatible-Query,,,,0x94299e683d27b48002c1faef1f684b2ae91e88c573629421cfa7878ea17710ee
0x2559468811e5c54de2d45e7e4bb6c84abf442ef4,BUY,63955989609279669299894772531754644066954952211322855713974424160103829654584,0x775e71b9c9fd3c0392d32745839c2aedbb51fd329e37295c89872373414317f6,14.285713,0.06999993629999426,1767784887,Trump's travel ban removed by January 31?,trumps-travel-ban-removed-by-january-31,https://polymarket-upload.s3.us-east-2.amazonaws.com/trump-travel-ban-removed-before-july-5D_yIj9zkkDV.jpg,trumps-travel-ban-removed-by-january-31,Yes,0,Mintlune,Raw-Turkey,,,,0xdcdc4250018d3c61cb7d3e8f4c794aea077563c29cbdc2b74020313694bda785
0xd80efd3343923afa5de651ccb4c1caba608bcad8,BUY,63955989609279669299894772531754644066954952211322855713974424160103829654584,0x775e71b9c9fd3c0392d32745839c2aedbb51fd329e37295c89872373414317f6,14.285713,0.06999993629999426,1767731035,Trump's travel ban removed by January 31?,trumps-travel-ban-removed-by-january-31,https://polymarket-upload.s3.us-east-2.amazonaws.com/trump-travel-ban-removed-before-july-5D_yIj9zkkDV.jpg,trumps-travel-ban-removed-by-january-31,Yes,0,pugchamp,Giant-Cutlet,,,,0xf928015daf9a380a2fdf55d1f384524d71572b8c056cc6a55396ddf12024d4d9
0x2c6c21aaf252555a6dab9eb47bdd8c294013dda8,SELL,63955989609279669299894772531754644066954952211322855713974424160103829654584,0x775e71b9c9fd3c0392d32745839c2aedbb51fd329e37295c89872373414317f6,10.0,0.05,1767713153,Trump's travel ban removed by January 31?,trumps-travel-ban-removed-by-january-31,https://polymarket-upload.s3.us-east-2.amazonaws.com/trump-travel-ban-removed-before-july-5D_yIj9zkkDV.jpg,trumps-travel-ban-removed-by-january-31,Yes,0,Athanasius22,Cheap-Equation,,,,0x9d8f1d894f0badc4652ac4c7ecda937983b9f8cc1f1c8f1cb637cb9516e65648
0xf0b0ef1d6320c6be896b4c9c54dd74407e7f8cab,SELL,18183286918434869824441675990794243765466010937775706724610101178401955339057,0x775e71b9c9fd3c0392d32745839c2aedbb51fd329e37295c89872373414317f6,30.0,0.93,1767597831,Trump's travel ban removed by January 31?,trumps-travel-ban-removed-by-january-31,https://polymarket-upload.s3.us-east-2.amazonaws.com/trump-travel-ban-removed-before-july-5D_yIj9zkkDV.jpg,trumps-travel-ban-removed-by-january-31,No,1,daroghi,Faraway-Seaside,,,,0x6cebcba18fac06bf7347fc40da8ce7c578051e3a4ef60eae7ef4c1b0358c677d
0xf0b0ef1d6320c6be896b4c9c54dd74407e7f8cab,SELL,63955989609279669299894772531754644066954952211322855713974424160103829654584,0x775e71b9c9fd3c0392d32745839c2aedbb51fd329e37295c89872373414317f6,26.0,0.06,1767597829,Trump's travel ban removed by January 31?,trumps-travel-ban-removed-by-january-31,https://polymarket-upload.s3.us-east-2.amazonaws.com/trump-travel-ban-removed-before-july-5D_yIj9zkkDV.jpg,trumps-travel-ban-removed-by-january-31,Yes,0,daroghi,Faraway-Seaside,,,,0x8039053c6f1dde10377a30efe2cb71ee1096cf154316035bfeedb70a44916b13
0x21bd5778c869e6b228351a06d7957422ce901206,SELL,63955989609279669299894772531754644066954952211322855713974424160103829654584,0x775e71b9c9fd3c0392d32745839c2aedbb51fd329e37295c89872373414317f6,26.0,0.06,1767483109,Trump's travel ban removed by January 31?,trumps-travel-ban-removed-by-january-31,https://polymarket-upload.s3.us-east-2.amazonaws.com/trump-travel-ban-removed-before-july-5D_yIj9zkkDV.jpg,trumps-travel-ban-removed-by-january-31,Yes,0,pablopunkaso,Unwieldy-Yurt,,,,0x57c97102a6d79321f079211ca63e6a302a5431b2a3d7671922ebbb03a639b4d3
0x50d3833a3eebc6c8f5ee9af80a6ad3162c1cbad4,SELL,18183286918434869824441675990794243765466010937775706724610101178401955339057,0x775e71b9c9fd3c0392d32745839c2aedbb51fd329e37295c89872373414317f6,11.11,0.9036003600360036,1767477995,Trump's travel ban removed by January 31?,trumps-travel-ban-removed-by-january-31,https://polymarket-upload.s3.us-east-2.amazonaws.com/trump-travel-ban-removed-before-july-5D_yIj9zkkDV.jpg,trumps-travel-ban-removed-by-january-31,No,1,pelasti,Excited-Route,,,,0xa80cc4fbdee7ecc3b3b4e4652574059d0793ae94dd27626de293e1c139244e30
0x21bd5778c869e6b228351a06d7957422ce901206,BUY,63955989609279669299894772531754644066954952211322855713974424160103829654584,0x775e71b9c9fd3c0392d32745839c2aedbb51fd329e37295c89872373414317f6,26.0,0.09,1767471435,Trump's travel ban removed by January 31?,trumps-travel-ban-removed-by-january-31,https://polymarket-upload.s3.us-east-2.amazonaws.com/trump-travel-ban-removed-before-july-5D_yIj9zkkDV.jpg,trumps-travel-ban-removed-by-january-31,Yes,0,pablopunkaso,Unwieldy-Yurt,,,,0x29319e0beaa81205ee641f8cb9c557e262cfd8d4fbc8beae486ad08a510d599e
0xc8ab97a9089a9ff7e6ef0688e6e591a066946418,SELL,63955989609279669299894772531754644066954952211322855713974424160103829654584,0x775e71b9c9fd3c0392d32745839c2aedbb51fd329e37295c89872373414317f6,1.09,0.08,1767440993,Trump's travel ban removed by January 31?,trumps-travel-ban-removed-by-january-31,https://polymarket-upload.s3.us-east-2.amazonaws.com/trump-travel-ban-removed-before-july-5D_yIj9zkkDV.jpg,trumps-travel-ban-removed-by-january-31,Yes,0,ArmageddonRewardsBilly,Hideous-Racer,"After the fight battle is fought, The legend of Billy the farmer will live forever.",https://polymarket-upload.s3.us-east-2.amazonaws.com/rewardsiconbilly_637fb65a-1112-49bc-9376-3fb6d377cde0_1738970845400.png,,0x64515064769b5aef99835df3bd440e77ab8aedbc1a939bfdb195163161aaa56e
0xdb405a9ad581a23c68a32b5d5869d4ad5ae73612,SELL,63955989609279669299894772531754644066954952211322855713974424160103829654584,0x775e71b9c9fd3c0392d32745839c2aedbb51fd329e37295c89872373414317f6,1.09,0.08,1767414009,Trump's travel ban removed by January 31?,trumps-travel-ban-removed-by-january-31,https://polymarket-upload.s3.us-east-2.amazonaws.com/trump-travel-ban-removed-before-july-5D_yIj9zkkDV.jpg,trumps-travel-ban-removed-by-january-31,Yes,0,DooBieZ,Haunting-Rubric,,,,0xb3d34edefb2ec8ec264b0256e2d2c22dff229fc2245aa850c1e03bfbe762573b
0x0b42ffb1a318d9745cfe42e13b747e56f734fbbe,SELL,18183286918434869824441675990794243765466010937775706724610101178401955339057,0x775e71b9c9fd3c0392d32745839c2aedbb51fd329e37295c89872373414317f6,1.09,0.9,1767409581,Trump's travel ban removed by January 31?,trumps-travel-ban-removed-by-january-31,https://polymarket-upload.s3.us-east-2.amazonaws.com/trump-travel-ban-removed-before-july-5D_yIj9zkkDV.jpg,trumps-travel-ban-removed-by-january-31,No,1,,,,,,0xbc3d15aedb8e5b08f5c649eb14fd50cf9bcf0e0c974cf2abdf90056ea07a1f87
0x0b42ffb1a318d9745cfe42e13b747e56f734fbbe,BUY,18183286918434869824441675990794243765466010937775706724610101178401955339057,0x775e71b9c9fd3c0392d32745839c2aedbb51fd329e37295c89872373414317f6,1.0989,0.91,1767409467,Trump's travel ban removed by January 31?,trumps-travel-ban-removed-by-january-31,https://polymarket-upload.s3.us-east-2.amazonaws.com/trump-travel-ban-removed-before-july-5D_yIj9zkkDV.jpg,trumps-travel-ban-removed-by-january-31,No,1,,,,,,0x0c686302c5100b54c7d7089a31696d964952fbe8b9073d53c3c8b3949af033a9
0xb1fcbff6ff8041f3f144925b7977da4ab91551ac,BUY,18183286918434869824441675990794243765466010937775706724610101178401955339057,0x775e71b9c9fd3c0392d32745839c2aedbb51fd329e37295c89872373414317f6,45.0,0.91,1767358643,Trump's travel ban removed by January 31?,trumps-travel-ban-removed-by-january-31,https://polymarket-upload.s3.us-east-2.amazonaws.com/trump-travel-ban-removed-before-july-5D_yIj9zkkDV.jpg,trumps-travel-ban-removed-by-january-31,No,1,ToniPolster,Blond-Woolens,,,,0x458867abf0d921fdcf7a536ebda881543be03fe17042666fb7de14b36bfd5e36
0xec4e8e525969c4b9072eed0193e587b73876d9db,BUY,18183286918434869824441675990794243765466010937775706724610101178401955339057,0x775e71b9c9fd3c0392d32745839c2aedbb51fd329e37295c89872373414317f6,57.714834,0.9009815050321378,1767282221,Trump's travel ban removed by January 31?,trumps-travel-ban-removed-by-january-31,https://polymarket-upload.s3.us-east-2.amazonaws.com/trump-travel-ban-removed-before-july-5D_yIj9zkkDV.jpg,trumps-travel-ban-removed-by-january-31,No,1,southbets,Meaty-Locket,Nothing to put here,,,0x40afd5d9235186518f24ec11035c6d4d5bd5b21ff288c4504a53142217bb7968
0xec4e8e525969c4b9072eed0193e587b73876d9db,BUY,18183286918434869824441675990794243765466010937775706724610101178401955339057,0x775e71b9c9fd3c0392d32745839c2aedbb51fd329e37295c89872373414317f6,222.22222,0.9,1767182411,Trump's travel ban removed by January 31?,trumps-travel-ban-removed-by-january-31,https://polymarket-upload.s3.us-east-2.amazonaws.com/trump-travel-ban-removed-before-july-5D_yIj9zkkDV.jpg,trumps-travel-ban-removed-by-january-31,No,1,southbets,Meaty-Locket,Nothing to put here,,,0xd1bc20ba99f18895adfad21e0de627209d652eea3f78393c93d42bfafb00430b
0xb2eb0d37e7df6b01a48eb573f84964247ef3a19c,BUY,18183286918434869824441675990794243765466010937775706724610101178401955339057,0x775e71b9c9fd3c0392d32745839c2aedbb51fd329e37295c89872373414317f6,70.91111,0.9,1767088427,Trump's travel ban removed by January 31?,trumps-travel-ban-removed-by-january-31,https://polymarket-upload.s3.us-east-2.amazonaws.com/trump-travel-ban-removed-before-july-5D_yIj9zkkDV.jpg,trumps-travel-ban-removed-by-january-31,No,1,luckygentleman,Remote-Avalanche,Hope for the best,https://polymarket-upload.s3.us-east-2.amazonaws.com/profile-image-804855-96c60a04-cec2-4e7f-b5e5-a70e2a327a6f.jpg,,0xde7c2c6af84f79d1a6408d85cdf5c06f5cec007cb03420e75720659b334fe54a
0xbe0fbec3ff2e8a83e0e01704c6499a4c7ededb07,SELL,63955989609279669299894772531754644066954952211322855713974424160103829654584,0x775e71b9c9fd3c0392d32745839c2aedbb51fd329e37295c89872373414317f6,9.99,0.1,1767072367,Trump's travel ban removed by January 31?,trumps-travel-ban-removed-by-january-31,https://polymarket-upload.s3.us-east-2.amazonaws.com/trump-travel-ban-removed-before-july-5D_yIj9zkkDV.jpg,trumps-travel-ban-removed-by-january-31,Yes,0,yen99,Adolescent-Forum,,,,0xb9e5db2879cb79f8c6d850c20120e59b90948fd00e3858e8670a725906b1808e
0xec4e8e525969c4b9072eed0193e587b73876d9db,BUY,18183286918434869824441675990794243765466010937775706724610101178401955339057,0x775e71b9c9fd3c0392d32745839c2aedbb51fd329e37295c89872373414317f6,48.888887,0.8999999938636362,1766404565,Trump's travel ban removed by January 31?,trumps-travel-ban-removed-by-january-31,https://polymarket-upload.s3.us-east-2.amazonaws.com/trump-travel-ban-removed-before-july-5D_yIj9zkkDV.jpg,trumps-travel-ban-removed-by-january-31,No,1,southbets,Meaty-Locket,Nothing to put here,,,0x7fb031d97b2e1dc74ef7026ce5fe29af8c31cbc31480b383529ec0a712a54177
0xeaf1f1805537078c833c2acba571b1dd765668ca,SELL,18183286918434869824441675990794243765466010937775706724610101178401955339057,0x775e71b9c9fd3c0392d32745839c2aedbb51fd329e37295c89872373414317f6,196.0,0.89,1766395441,Trump's travel ban removed by January 31?,trumps-travel-ban-removed-by-january-31,https://polymarket-upload.s3.us-east-2.amazonaws.com/trump-travel-ban-removed-before-july-5D_yIj9zkkDV.jpg,trumps-travel-ban-removed-by-january-31,No,1,MichaelDavis4993,Alive-Silkworm,,,,0x08b91e43b749472eeddd251551a06a2c5b174f07ff77906b41ae73e1f5ff912a
0xeaf1f1805537078c833c2acba571b1dd765668ca,SELL,18183286918434869824441675990794243765466010937775706724610101178401955339057,0x775e71b9c9fd3c0392d32745839c2aedbb51fd329e37295c89872373414317f6,113.0,0.89,1766395371,Trump's travel ban removed by January 31?,trumps-travel-ban-removed-by-january-31,https://polymarket-upload.s3.us-east-2.amazonaws.com/trump-travel-ban-removed-before-july-5D_yIj9zkkDV.jpg,trumps-travel-ban-removed-by-january-31,No,1,MichaelDavis4993,Alive-Silkworm,,,,0x4f564268aecfab06f2113335224f410d4a96a9dca164c4af72ca3082d62c4790
0xd98fefdb166f568a94a1d8e12e9700417d365afd,SELL,18183286918434869824441675990794243765466010937775706724610101178401955339057,0x775e71b9c9fd3c0392d32745839c2aedbb51fd329e37295c89872373414317f6,17.0,0.89,1766395343,Trump's travel ban removed by January 31?,trumps-travel-ban-removed-by-january-31,https://polymarket-upload.s3.us-east-2.amazonaws.com/trump-travel-ban-removed-before-july-5D_yIj9zkkDV.jpg,trumps-travel-ban-removed-by-january-31,No,1,BillSmith6031,Emotional-Display,,,,0x01ec11143fab69aa04e79d23901433c0f215f814c1384238dde9eebd55893224
0xa2b1512cfb104b9577cc56a686d70633e83c0005,SELL,18183286918434869824441675990794243765466010937775706724610101178401955339057,0x775e71b9c9fd3c0392d32745839c2aedbb51fd329e37295c89872373414317f6,82.0,0.89,1766395319,Trump's travel ban removed by January 31?,trumps-travel-ban-removed-by-january-31,https://polymarket-upload.s3.us-east-2.amazonaws.com/trump-travel-ban-removed-before-july-5D_yIj9zkkDV.jpg,trumps-travel-ban-removed-by-january-31,No,1,JoshuaJohnson7967,Unsightly-Rosemary,,,,0xe9bcb25d87d00f6afa72cc5bd38fa0ea0155052471c1c094e945488ac764ea4a
0x8e3ec6f73e944b635cec6eed49e70c7e58d90959,SELL,18183286918434869824441675990794243765466010937775706724610101178401955339057,0x775e71b9c9fd3c0392d32745839c2aedbb51fd329e37295c89872373414317f6,6.0,0.89,1766395295,Trump's travel ban removed by January 31?,trumps-travel-ban-removed-by-january-31,https://polymarket-upload.s3.us-east-2.amazonaws.com/trump-travel-ban-removed-before-july-5D_yIj9zkkDV.jpg,trumps-travel-ban-removed-by-january-31,No,1,JerryKeller1630,Giddy-Accordance,,,,0xc52e660cf2551d35c6f810c9ce12a84bab3e5ac7e065702eacdb092b9436971c
0x977449de8b5be74e089f3b28f035ebf3e5f46d3c,SELL,18183286918434869824441675990794243765466010937775706724610101178401955339057,0x775e71b9c9fd3c0392d32745839c2aedbb51fd329e37295c89872373414317f6,213.0,0.89,1766395265,Trump's travel ban removed by January 31?,trumps-travel-ban-removed-by-january-31,https://polymarket-upload.s3.us-east-2.amazonaws.com/trump-travel-ban-removed-before-july-5D_yIj9zkkDV.jpg,trumps-travel-ban-removed-by-january-31,No,1,ShelleyHurst4718,Grandiose-Strait,,,,0xb2b71f5219ecbb6325e29c036145be5e9c3d7027c5bf20ce2dfaf4189bc5ea77
0x977449de8b5be74e089f3b28f035ebf3e5f46d3c,SELL,18183286918434869824441675990794243765466010937775706724610101178401955339057,0x775e71b9c9fd3c0392d32745839c2aedbb51fd329e37295c89872373414317f6,542.0,0.89,1766395177,Trump's travel ban removed by January 31?,trumps-travel-ban-removed-by-january-31,https://polymarket-upload.s3.us-east-2.amazonaws.com/trump-travel-ban-removed-before-july-5D_yIj9zkkDV.jpg,trumps-travel-ban-removed-by-january-31,No,1,ShelleyHurst4718,Grandiose-Strait,,,,0x5f8ba289bf5ab9186e3167c9c113e9f034ddde272e9407c10b19dd5b24f7e3cd
0xad4657d485d45cae25d4a4112f9af77208fb0918,SELL,18183286918434869824441675990794243765466010937775706724610101178401955339057,0x775e71b9c9fd3c0392d32745839c2aedbb51fd329e37295c89872373414317f6,105.0,0.89,1766395133,Trump's travel ban removed by January 31?,trumps-travel-ban-removed-by-january-31,https://polymarket-upload.s3.us-east-2.amazonaws.com/trump-travel-ban-removed-before-july-5D_yIj9zkkDV.jpg,trumps-travel-ban-removed-by-january-31,No,1,ReneeHernandez8947,Embarrassed-Insectarium,,,,0x20364fa160ed96081050b0ea94d9ccd4e68d79f7cb48778237ca0f06dde53db1
0x4628cf300a1e62ce1e9569c3fc7fe24f7a5dee62,SELL,18183286918434869824441675990794243765466010937775706724610101178401955339057,0x775e71b9c9fd3c0392d32745839c2aedbb51fd329e37295c89872373414317f6,196.0,0.89,1766395097,Trump's travel ban removed by January 31?,trumps-travel-ban-removed-by-january-31,https://polymarket-upload.s3.us-east-2.amazonaws.com/trump-travel-ban-removed-before-july-5D_yIj9zkkDV.jpg,trumps-travel-ban-removed-by-january-31,No,1,EdwardFranco6827,Handmade-Slang,,,,0xbec789356a2d71c779d4dcfff3157ebeda24a0f50b782e73d44b4f341956bbb5
0x50d3833a3eebc6c8f5ee9af80a6ad3162c1cbad4,BUY,18183286918434869824441675990794243765466010937775706724610101178401955339057,0x775e71b9c9fd3c0392d32745839c2aedbb51fd329e37295c89872373414317f6,11.11111,0.9,1766358494,Trump's travel ban removed by January 31?,trumps-travel-ban-removed-by-january-31,https://polymarket-upload.s3.us-east-2.amazonaws.com/trump-travel-ban-removed-before-july-5D_yIj9zkkDV.jpg,trumps-travel-ban-removed-by-january-31,No,1,pelasti,Excited-Route,,,,0xb25d37ed538a03e0b29d002f6901a1bb334fb90e36342737261f89181fa1d435
0xb779436770333f8d584dd8a61fba3910c324ab22,BUY,18183286918434869824441675990794243765466010937775706724610101178401955339057,0x775e71b9c9fd3c0392d32745839c2aedbb51fd329e37295c89872373414317f6,153.91111,0.9,1766356180,Trump's travel ban removed by January 31?,trumps-travel-ban-removed-by-january-31,https://polymarket-upload.s3.us-east-2.amazonaws.com/trump-travel-ban-removed-before-july-5D_yIj9zkkDV.jpg,trumps-travel-ban-removed-by-january-31,No,1,Awestin.eth,Agile-Selfesteem,,https://polymarket-upload.s3.us-east-2.amazonaws.com/profile-image-676639-78a49e90-cdcd-44ab-b01a-ce9eac81510e.jpeg,,0x8960b849b1a8234d3d9143d1492d377fe54c0768a94e56bf06ffa148fca18f32
0xc71b43cf1a6c9f79743bdf5e15a763d93d7ce265,BUY,63955989609279669299894772531754644066954952211322855713974424160103829654584,0x775e71b9c9fd3c0392d32745839c2aedbb51fd329e37295c89872373414317f6,200.0,0.11,1766312217,Trump's travel ban removed by January 31?,trumps-travel-ban-removed-by-january-31,https://polymarket-upload.s3.us-east-2.amazonaws.com/trump-travel-ban-removed-before-july-5D_yIj9zkkDV.jpg,trumps-travel-ban-removed-by-january-31,Yes,0,keybo,Spirited-Bid,,,,0x22a5f57e42f9fdca8afa2991f9a47f310461e486fae2490bd14a05802cfe1006
0xec4e8e525969c4b9072eed0193e587b73876d9db,BUY,18183286918434869824441675990794243765466010937775706724610101178401955339057,0x775e71b9c9fd3c0392d32745839c2aedbb51fd329e37295c89872373414317f6,160.0,0.9,1766264775,Trump's travel ban removed by January 31?,trumps-travel-ban-removed-by-january-31,https://polymarket-upload.s3.us-east-2.amazonaws.com/trump-travel-ban-removed-before-july-5D_yIj9zkkDV.jpg,trumps-travel-ban-removed-by-january-31,No,1,southbets,Meaty-Locket,Nothing to put here,,,0x0f2dd9eb5d4228e2940c3ddb448e43e84b424be10aef9ef92db75c95750ebedf
0xcc804656d5033edb2ba99c47464ff209d2f87bd2,SELL,18183286918434869824441675990794243765466010937775706724610101178401955339057,0x775e71b9c9fd3c0392d32745839c2aedbb51fd329e37295c89872373414317f6,19.0,0.88,1766223752,Trump's travel ban removed by January 31?,trumps-travel-ban-removed-by-january-31,https://polymarket-upload.s3.us-east-2.amazonaws.com/trump-travel-ban-removed-before-july-5D_yIj9zkkDV.jpg,trumps-travel-ban-removed-by-january-31,No,1,HelenWagner3759,Snarling-Sleepiness,,,,0xbb367803eae2ded89b4618555b192337b8fd638d43b3ef902bbb98ff62a1ffb8
0xcc804656d5033edb2ba99c47464ff209d2f87bd2,SELL,18183286918434869824441675990794243765466010937775706724610101178401955339057,0x775e71b9c9fd3c0392d32745839c2aedbb51fd329e37295c89872373414317f6,22.0,0.88,1766223718,Trump's travel ban removed by January 31?,trumps-travel-ban-removed-by-january-31,https://polymarket-upload.s3.us-east-2.amazonaws.com/trump-travel-ban-removed-before-july-5D_yIj9zkkDV.jpg,trumps-travel-ban-removed-by-january-31,No,1,HelenWagner3759,Snarling-Sleepiness,,,,0xfba1453bd2f511a9a5e1ba04ec14f7f5aaceb4dbfc5e7b96618ac6df4883eb47
0xcc804656d5033edb2ba99c47464ff209d2f87bd2,SELL,18183286918434869824441675990794243765466010937775706724610101178401955339057,0x775e71b9c9fd3c0392d32745839c2aedbb51fd329e37295c89872373414317f6,59.0,0.88,1766223684,Trump's travel ban removed by January 31?,trumps-travel-ban-removed-by-january-31,https://polymarket-upload.s3.us-east-2.amazonaws.com/trump-travel-ban-removed-before-july-5D_yIj9zkkDV.jpg,trumps-travel-ban-removed-by-january-31,No,1,HelenWagner3759,Snarling-Sleepiness,,,,0xac32640d49cc646c533083d66533bf2a3dc4c116af134cb25246121f7a45a17f
0xcc804656d5033edb2ba99c47464ff209d2f87bd2,SELL,18183286918434869824441675990794243765466010937775706724610101178401955339057,0x775e71b9c9fd3c0392d32745839c2aedbb51fd329e37295c89872373414317f6,77.0,0.88,1766223648,Trump's travel ban removed by January 31?,trumps-travel-ban-removed-by-january-31,https://polymarket-upload.s3.us-east-2.amazonaws.com/trump-travel-ban-removed-before-july-5D_yIj9zkkDV.jpg,trumps-travel-ban-removed-by-january-31,No,1,HelenWagner3759,Snarling-Sleepiness,,,,0xb2f83a03848792606f2a05f761b358b281a7a8431b0064ad82fb0ed3518d109d
0xcc804656d5033edb2ba99c47464ff209d2f87bd2,SELL,18183286918434869824441675990794243765466010937775706724610101178401955339057,0x775e71b9c9fd3c0392d32745839c2aedbb51fd329e37295c89872373414317f6,40.0,0.88,1766223616,Trump's travel ban removed by January 31?,trumps-travel-ban-removed-by-january-31,https://polymarket-upload.s3.us-east-2.amazonaws.com/trump-travel-ban-removed-before-july-5D_yIj9zkkDV.jpg,trumps-travel-ban-removed-by-january-31,No,1,HelenWagner3759,Snarling-Sleepiness,,,,0x0fbbf4c08cf0bb1d7ee1f733763439b2234c4174f1eb3e8c6e7ce7b10798a866
0x16176cfb3b8ca348b9e0c8e158524cedd9c8ec98,SELL,18183286918434869824441675990794243765466010937775706724610101178401955339057,0x775e71b9c9fd3c0392d32745839c2aedbb51fd329e37295c89872373414317f6,69.0,0.88,1766223598,Trump's travel ban removed by January 31?,trumps-travel-ban-removed-by-january-31,https://polymarket-upload.s3.us-east-2.amazonaws.com/trump-travel-ban-removed-before-july-5D_yIj9zkkDV.jpg,trumps-travel-ban-removed-by-january-31,No,1,LauraStuart5658,Respectful-Youngster,,,,0x3bbfffd8868e5194979ce62897bb01322b61381b39b3adae1e87bf0129ce9257
0x16176cfb3b8ca348b9e0c8e158524cedd9c8ec98,SELL,18183286918434869824441675990794243765466010937775706724610101178401955339057,0x775e71b9c9fd3c0392d32745839c2aedbb51fd329e37295c89872373414317f6,118.0,0.88,1766223564,Trump's travel ban removed by January 31?,trumps-travel-ban-removed-by-january-31,https://polymarket-upload.s3.us-east-2.amazonaws.com/trump-travel-ban-removed-before-july-5D_yIj9zkkDV.jpg,trumps-travel-ban-removed-by-january-31,No,1,LauraStuart5658,Respectful-Youngster,,,,0x0cba83c0174ba3df31994483930e4fbba7cb835323683c4e69b352eb63846279
0x293b4b4a700861502f5dd45f0e1cf4a3819d09a9,SELL,18183286918434869824441675990794243765466010937775706724610101178401955339057,0x775e71b9c9fd3c0392d32745839c2aedbb51fd329e37295c89872373414317f6,40.0,0.88,1766223552,Trump's travel ban removed by January 31?,trumps-travel-ban-removed-by-january-31,https://polymarket-upload.s3.us-east-2.amazonaws.com/trump-travel-ban-removed-before-july-5D_yIj9zkkDV.jpg,trumps-travel-ban-removed-by-january-31,No,1,SusanMercado2007,Grandiose-Lipoprotein,,,,0x1dfe3b9fc24f26fd9a974739ac1d485991aec92637c571fe39f905cd27d00023
0x293b4b4a700861502f5dd45f0e1cf4a3819d09a9,SELL,18183286918434869824441675990794243765466010937775706724610101178401955339057,0x775e71b9c9fd3c0392d32745839c2aedbb51fd329e37295c89872373414317f6,159.0,0.88,1766223510,Trump's travel ban removed by January 31?,trumps-travel-ban-removed-by-january-31,https://polymarket-upload.s3.us-east-2.amazonaws.com/trump-travel-ban-removed-before-july-5D_yIj9zkkDV.jpg,trumps-travel-ban-removed-by-january-31,No,1,SusanMercado2007,Grandiose-Lipoprotein,,,,0x430216fcfce8780577285210406238f2af93c1db684f46153eecc41174ea0205
0x16176cfb3b8ca348b9e0c8e158524cedd9c8ec98,BUY,18183286918434869824441675990794243765466010937775706724610101178401955339057,0x775e71b9c9fd3c0392d32745839c2aedbb51fd329e37295c89872373414317f6,187.0,0.88,1766215718,Trump's travel ban removed by January 31?,trumps-travel-ban-removed-by-january-31,https://polymarket-upload.s3.us-east-2.amazonaws.com/trump-travel-ban-removed-before-july-5D_yIj9zkkDV.jpg,trumps-travel-ban-removed-by-january-31,No,1,LauraStuart5658,Respectful-Youngster,,,,0x851279fdb35443d4f68c11cfbba7cd260bd4232483f1f89ce61057854052d860
0xcc804656d5033edb2ba99c47464ff209d2f87bd2,BUY,18183286918434869824441675990794243765466010937775706724610101178401955339057,0x775e71b9c9fd3c0392d32745839c2aedbb51fd329e37295c89872373414317f6,217.0,0.88,1766215156,Trump's travel ban removed by January 31?,trumps-travel-ban-removed-by-january-31,https://polymarket-upload.s3.us-east-2.amazonaws.com/trump-travel-ban-removed-before-july-5D_yIj9zkkDV.jpg,trumps-travel-ban-removed-by-january-31,No,1,HelenWagner3759,Snarling-Sleepiness,,,,0xd602b7cb7e2862efa60270d3baf91e8bc84d64a4c7ba47adf2fff4c9cdb37f2b
0x293b4b4a700861502f5dd45f0e1cf4a3819d09a9,BUY,18183286918434869824441675990794243765466010937775706724610101178401955339057,0x775e71b9c9fd3c0392d32745839c2aedbb51fd329e37295c89872373414317f6,199.0,0.88,1766213678,Trump's travel ban removed by January 31?,trumps-travel-ban-removed-by-january-31,https://polymarket-upload.s3.us-east-2.amazonaws.com/trump-travel-ban-removed-before-july-5D_yIj9zkkDV.jpg,trumps-travel-ban-removed-by-january-31,No,1,SusanMercado2007,Grandiose-Lipoprotein,,,,0x768c9fbbcd5bc69c2ba2454a35229c7cbcd13e15c53d40fcea647b32b9a4bd31
0x6a339a95983fbab1fee67e4d8184be8eeb120f11,SELL,18183286918434869824441675990794243765466010937775706724610101178401955339057,0x775e71b9c9fd3c0392d32745839c2aedbb51fd329e37295c89872373414317f6,65.0,0.86,1766192355,Trump's travel ban removed by January 31?,trumps-travel-ban-removed-by-january-31,https://polymarket-upload.s3.us-east-2.amazonaws.com/trump-travel-ban-removed-before-july-5D_yIj9zkkDV.jpg,trumps-travel-ban-removed-by-january-31,No,1,MysticalTree,Aromatic-Lettuce,,https://polymarket-upload.s3.us-east-2.amazonaws.com/profile-image-4565606-38907c63-8b2b-40b5-8fcb-fece19be9012.jpg,,0x1749380e64ddaf835181ba6b23b3c1fcecac1d6fe70e731ef3bd9022f691f47e
0xcbf2c2771db5b3f934049d277da1cc691cdd6395,BUY,18183286918434869824441675990794243765466010937775706724610101178401955339057,0x775e71b9c9fd3c0392d32745839c2aedbb51fd329e37295c89872373414317f6,1.136358,0.8799999647998255,1766170949,Trump's travel ban removed by January 31?,trumps-travel-ban-removed-by-january-31,https://polymarket-upload.s3.us-east-2.amazonaws.com/trump-travel-ban-removed-before-july-5D_yIj9zkkDV.jpg,trumps-travel-ban-removed-by-january-31,No,1,bravechimp,Wicked-Cot,,,,0xc05826a220b77c092458dc5a18ff0658375f6a2cc2eec4cd562fc5ecff50d3d7
0xa652bd5ca73e59bca73460e59b6f1e4619046e59,BUY,18183286918434869824441675990794243765466010937775706724610101178401955339057,0x775e71b9c9fd3c0392d32745839c2aedbb51fd329e37295c89872373414317f6,4.5977,0.87,1766166251,Trump's travel ban removed by January 31?,trumps-travel-ban-removed-by-january-31,https://polymarket-upload.s3.us-east-2.amazonaws.com/trump-travel-ban-removed-before-july-5D_yIj9zkkDV.jpg,trumps-travel-ban-removed-by-january-31,No,1,DollarAfterDollar10k,Canine-Realization,,https://polymarket-upload.s3.us-east-2.amazonaws.com/profile-image-4065271-abab03cb-4cf8-44bc-8b29-adb904646d4b.jpg,,0x8383f1006b9b2dbea1afb75b5d3a09379d5c8f880a23d4ecf25e31c59de6826a
0xb6a2a66e8ee6ec02189125481461c64f35ad4b66,SELL,63955989609279669299894772531754644066954952211322855713974424160103829654584,0x775e71b9c9fd3c0392d32745839c2aedbb51fd329e37295c89872373414317f6,9.09,0.13,1766160773,Trump's travel ban removed by January 31?,trumps-travel-ban-removed-by-january-31,https://polymarket-upload.s3.us-east-2.amazonaws.com/trump-travel-ban-removed-before-july-5D_yIj9zkkDV.jpg,trumps-travel-ban-removed-by-january-31,Yes,0,R21llsa,Huge-Stamen,,,,0x7f37f9aacfefaf39481ec59733ef465edc921689991fea1c70d195633debc634
0x4349517012c249f2fee55c9a74d74d961621cfe5,BUY,18183286918434869824441675990794243765466010937775706724610101178401955339057,0x775e71b9c9fd3c0392d32745839c2aedbb51fd329e37295c89872373414317f6,14.75833,0.8808582678392474,1766143150,Trump's travel ban removed by January 31?,trumps-travel-ban-removed-by-january-31,https://polymarket-upload.s3.us-east-2.amazonaws.com/trump-travel-ban-removed-before-july-5D_yIj9zkkDV.jpg,trumps-travel-ban-removed-by-january-31,No,1,BCATBCAT,Pure-Store,,,,0x0f5bee83684bc6b254ee415bde7d005fa30a75a0506d8b9f635dd573502de750
0x79a0bbd238d05a3f51e80c341215a432348d96c7,BUY,63955989609279669299894772531754644066954952211322855713974424160103829654584,0x775e71b9c9fd3c0392d32745839c2aedbb51fd329e37295c89872373414317f6,133.333332,0.14999999399999994,1766140052,Trump's travel ban removed by January 31?,trumps-travel-ban-removed-by-january-31,https://polymarket-upload.s3.us-east-2.amazonaws.com/trump-travel-ban-removed-before-july-5D_yIj9zkkDV.jpg,trumps-travel-ban-removed-by-january-31,Yes,0,Boyceta,Weepy-Eyelash,,,,0x780a22b6b06755aea677aeacd69e294e0ef796514f949507b9ab6562e73506fd
0x31974a9cf9e06cc1cf84e22a4955c69d7415b9ac,BUY,18183286918434869824441675990794243765466010937775706724610101178401955339057,0x775e71b9c9fd3c0392d32745839c2aedbb51fd329e37295c89872373414317f6,5.81395,0.86,1766107045,Trump's travel ban removed by January 31?,trumps-travel-ban-removed-by-january-31,https://polymarket-upload.s3.us-east-2.amazonaws.com/trump-travel-ban-removed-before-july-5D_yIj9zkkDV.jpg,trumps-travel-ban-removed-by-january-31,No,1,Virginrooster,Blissful-Probation,,,,0xb991c4b55fb5ebad5785ef2066bf27fc6814ef5b9998a61c715e46f6a1f05faa
0x17b70c3724ca1be7721b07dd1a2ff8e1dc8e1ecc,BUY,18183286918434869824441675990794243765466010937775706724610101178401955339057,0x775e71b9c9fd3c0392d32745839c2aedbb51fd329e37295c89872373414317f6,1.255807,0.8599999840739859,1766085773,Trump's travel ban removed by January 31?,trumps-travel-ban-removed-by-january-31,https://polymarket-upload.s3.us-east-2.amazonaws.com/trump-travel-ban-removed-before-july-5D_yIj9zkkDV.jpg,trumps-travel-ban-removed-by-january-31,No,1,Galucucu,Humongous-Settlement,,,,0x1901e31b5b1924133e14eebee7b67653aec9a8132d0565b941f92f63d34fcd80
0x7e5f969022125d19281f51fab897d53ddcd695e2,SELL,63955989609279669299894772531754644066954952211322855713974424160103829654584,0x775e71b9c9fd3c0392d32745839c2aedbb51fd329e37295c89872373414317f6,111.13,0.14,1766081267,Trump's travel ban removed by January 31?,trumps-travel-ban-removed-by-january-31,https://polymarket-upload.s3.us-east-2.amazonaws.com/trump-travel-ban-removed-before-july-5D_yIj9zkkDV.jpg,trumps-travel-ban-removed-by-january-31,Yes,0,arc-addict,Woeful-Replication,,https://polymarket-upload.s3.us-east-2.amazonaws.com/profile-image-4232040-ab6ba1f0-641e-4ed0-bddf-258e60e4b6a5.jpeg,,0xb571a4dc0dd4903df1c0ffd91b43c98b9611599e2b2b005446cb2c2d6ceb2ec2
0x076ca0207aaa48365da2eb6a917edcbdee5e4e7b,SELL,63955989609279669299894772531754644066954952211322855713974424160103829654584,0x775e71b9c9fd3c0392d32745839c2aedbb51fd329e37295c89872373414317f6,17.0,0.14,1766077421,Trump's travel ban removed by January 31?,trumps-travel-ban-removed-by-january-31,https://polymarket-upload.s3.us-east-2.amazonaws.com/trump-travel-ban-removed-before-july-5D_yIj9zkkDV.jpg,trumps-travel-ban-removed-by-january-31,Yes,0,milize,,shousan,https://polymarket-upload.s3.us-east-2.amazonaws.com/337488341346097516_162442_1718737776236.jpg,,0xaee3cba10d60d4376659cd2fe776bdc9c914f24f069d80d1c3d25bda643eba63
0x60ccc2ea4a54b191b6114fa769c03359bb1af23f,BUY,63955989609279669299894772531754644066954952211322855713974424160103829654584,0x775e71b9c9fd3c0392d32745839c2aedbb51fd329e37295c89872373414317f6,669.0,0.15,1766058414,Trump's travel ban removed by January 31?,trumps-travel-ban-removed-by-january-31,https://polymarket-upload.s3.us-east-2.amazonaws.com/trump-travel-ban-removed-before-july-5D_yIj9zkkDV.jpg,trumps-travel-ban-removed-by-january-31,Yes,0,shinyandrew,Repentant-Client,,,,0xb3acfa86799ae1860e391ad570ce3b0550b732ce66ac0a60ead23dc9c0ce54c0
0x2892ea81ccc646db98819a1c7ac03c56227d71dd,BUY,63955989609279669299894772531754644066954952211322855713974424160103829654584,0x775e71b9c9fd3c0392d32745839c2aedbb51fd329e37295c89872373414317f6,20.0,0.15,1766054084,Trump's travel ban removed by January 31?,trumps-travel-ban-removed-by-january-31,https://polymarket-upload.s3.us-east-2.amazonaws.com/trump-travel-ban-removed-before-july-5D_yIj9zkkDV.jpg,trumps-travel-ban-removed-by-january-31,Yes,0,ransack,Rectangular-Keystone,you have to lose everything first.,https://polymarket-upload.s3.us-east-2.amazonaws.com/profile-image-3166460-8ee37c65-fe15-4e94-91d4-834c5d9b2254.png,,0x7c169384f9ee30b470ff49feac0cb94f18a547414995f2490fa3f3c865e5a4cd
0x2e8c9e4b50f7d461b969432b51e1bc2faf625a61,SELL,63955989609279669299894772531754644066954952211322855713974424160103829654584,0x775e71b9c9fd3c0392d32745839c2aedbb51fd329e37295c89872373414317f6,49.99,0.13,1766038102,Trump's travel ban removed by January 31?,trumps-travel-ban-removed-by-january-31,https://polymarket-upload.s3.us-east-2.amazonaws.com/trump-travel-ban-removed-before-july-5D_yIj9zkkDV.jpg,trumps-travel-ban-removed-by-january-31,Yes,0,chill,Glittering-Kale,,,,0x2b25b00492b81d48e82b1297ae7401782eaa1da8fd4981707733c58712ee08c3
0x03fe9439673ef135e8d292885c5d55f0a5d94838,BUY,18183286918434869824441675990794243765466010937775706724610101178401955339057,0x775e71b9c9fd3c0392d32745839c2aedbb51fd329e37295c89872373414317f6,1.149423,0.8699999912999827,1766037272,Trump's travel ban removed by January 31?,trumps-travel-ban-removed-by-january-31,https://polymarket-upload.s3.us-east-2.amazonaws.com/trump-travel-ban-removed-before-july-5D_yIj9zkkDV.jpg,trumps-travel-ban-removed-by-january-31,No,1,Skwaterbrook,Tepid-Tear,,,,0xc330bb3fb150a832fbd754165091bd19e06f75ad27438192d7da55ce93849c19
0x7f855dd2f62f46a6cb48620e1fc138f5ddf58693,SELL,63955989609279669299894772531754644066954952211322855713974424160103829654584,0x775e71b9c9fd3c0392d32745839c2aedbb51fd329e37295c89872373414317f6,60.0,0.13,1766034796,Trump's travel ban removed by January 31?,trumps-travel-ban-removed-by-january-31,https://polymarket-upload.s3.us-east-2.amazonaws.com/trump-travel-ban-removed-before-july-5D_yIj9zkkDV.jpg,trumps-travel-ban-removed-by-january-31,Yes,0,MrVatana,Lovely-Fulfillment,Callduck in search of the most delicious vegetables,https://polymarket-upload.s3.us-east-2.amazonaws.com/images_d67526cb-8ea7-45d3-af7a-8f92f4417175_1736228763386.jpeg,,0x1b11d1f726f2fe92e63b0e652fe211d7bd846db62329654ad334f63abf6552cb
0xd8f561703729bb2c1767eba6c4930d1a72a91678,SELL,63955989609279669299894772531754644066954952211322855713974424160103829654584,0x775e71b9c9fd3c0392d32745839c2aedbb51fd329e37295c89872373414317f6,100.0,0.14,1766033430,Trump's travel ban removed by January 31?,trumps-travel-ban-removed-by-january-31,https://polymarket-upload.s3.us-east-2.amazonaws.com/trump-travel-ban-removed-before-july-5D_yIj9zkkDV.jpg,trumps-travel-ban-removed-by-january-31,Yes,0,blackblackcat,Important-Pigpen,,https://polymarket-upload.s3.us-east-2.amazonaws.com/profile-image-4523948-5c64e899-96b2-4ab0-b97e-4024af2631ee.jpg,,0x413e706199498a7643ff80a03999d69af538feb0df73c2b5ef8b45a3771f60b3
0xd099799382c1161cc07b3c9a8c9118987d163a44,BUY,18183286918434869824441675990794243765466010937775706724610101178401955339057,0x775e71b9c9fd3c0392d32745839c2aedbb51fd329e37295c89872373414317f6,1.162785,0.8599999139995786,1766021570,Trump's travel ban removed by January 31?,trumps-travel-ban-removed-by-january-31,https://polymarket-upload.s3.us-east-2.amazonaws.com/trump-travel-ban-removed-before-july-5D_yIj9zkkDV.jpg,trumps-travel-ban-removed-by-january-31,No,1,Little-whale,Careless-Preservation,,,,0x76806f1e25e99916cf8ec44f86b1bb4334550692dc76449c90525f2ff7122a0d
0xa58d4f278d7953cd38eeb929f7e242bfc7c0b9b8,BUY,63955989609279669299894772531754644066954952211322855713974424160103829654584,0x775e71b9c9fd3c0392d32745839c2aedbb51fd329e37295c89872373414317f6,50.0,0.14,1766012333,Trump's travel ban removed by January 31?,trumps-travel-ban-removed-by-january-31,https://polymarket-upload.s3.us-east-2.amazonaws.com/trump-travel-ban-removed-before-july-5D_yIj9zkkDV.jpg,trumps-travel-ban-removed-by-january-31,Yes,0,AiBird,Few-Prevention,,,,0x5278b2707887a86269c73eb2fb516b8885deacc9563f1667e95489b7ae87e85f
0xa58d4f278d7953cd38eeb929f7e242bfc7c0b9b8,BUY,18183286918434869824441675990794243765466010937775706724610101178401955339057,0x775e71b9c9fd3c0392d32745839c2aedbb51fd329e37295c89872373414317f6,105.55,0.83,1766012095,Trump's travel ban removed by January 31?,trumps-travel-ban-removed-by-january-31,https://polymarket-upload.s3.us-east-2.amazonaws.com/trump-travel-ban-removed-before-july-5D_yIj9zkkDV.jpg,trumps-travel-ban-removed-by-january-31,No,1,AiBird,Few-Prevention,,,,0x17735bf7bbc7109cba0023ef9d8a32bc766523ee6888091d5ceb9299ddef6bf3
0xd8f561703729bb2c1767eba6c4930d1a72a91678,BUY,63955989609279669299894772531754644066954952211322855713974424160103829654584,0x775e71b9c9fd3c0392d32745839c2aedbb51fd329e37295c89872373414317f6,44.45,0.16224971878515185,1766011705,Trump's travel ban removed by January 31?,trumps-travel-ban-removed-by-january-31,https://polymarket-upload.s3.us-east-2.amazonaws.com/trump-travel-ban-removed-before-july-5D_yIj9zkkDV.jpg,trumps-travel-ban-removed-by-january-31,Yes,0,blackblackcat,Important-Pigpen,,https://polymarket-upload.s3.us-east-2.amazonaws.com/profile-image-4523948-5c64e899-96b2-4ab0-b97e-4024af2631ee.jpg,,0xb76667042d9207d9383f542cf21f4b778716730276f9d9d39e5d2eb47e0bc4a8
0x0256eab0e824eff0387f992cb754490cc1445b53,SELL,63955989609279669299894772531754644066954952211322855713974424160103829654584,0x775e71b9c9fd3c0392d32745839c2aedbb51fd329e37295c89872373414317f6,41.11,0.11162004378496716,1766008353,Trump's travel ban removed by January 31?,trumps-travel-ban-removed-by-january-31,https://polymarket-upload.s3.us-east-2.amazonaws.com/trump-travel-ban-removed-before-july-5D_yIj9zkkDV.jpg,trumps-travel-ban-removed-by-january-31,Yes,0,dreamday,Closed-Ridge,,,,0x50ee15b90a25c30852a37920bfd5f379c8bca2144173f10fbccc18478488dfd3
0x4628cf300a1e62ce1e9569c3fc7fe24f7a5dee62,BUY,18183286918434869824441675990794243765466010937775706724610101178401955339057,0x775e71b9c9fd3c0392d32745839c2aedbb51fd329e37295c89872373414317f6,196.0,0.83,1766008181,Trump's travel ban removed by January 31?,trumps-travel-ban-removed-by-january-31,https://polymarket-upload.s3.us-east-2.amazonaws.com/trump-travel-ban-removed-before-july-5D_yIj9zkkDV.jpg,trumps-travel-ban-removed-by-january-31,No,1,EdwardFranco6827,Handmade-Slang,,,,0xd642014c3456f0c5cac153e3a3a62b35fdd82df58d483383a9db17889a0a64ac
0xd98fefdb166f568a94a1d8e12e9700417d365afd,BUY,18183286918434869824441675990794243765466010937775706724610101178401955339057,0x775e71b9c9fd3c0392d32745839c2aedbb51fd329e37295c89872373414317f6,17.0,0.83,1766008143,Trump's travel ban removed by January 31?,trumps-travel-ban-removed-by-january-31,https://polymarket-upload.s3.us-east-2.amazonaws.com/trump-travel-ban-removed-before-july-5D_yIj9zkkDV.jpg,trumps-travel-ban-removed-by-january-31,No,1,BillSmith6031,Emotional-Display,,,,0x033c7e226464bcaf31e995f07ca15c3f901ef0b4ac28fdd579e4bcfb8ab4c8d0
0xa2b1512cfb104b9577cc56a686d70633e83c0005,BUY,18183286918434869824441675990794243765466010937775706724610101178401955339057,0x775e71b9c9fd3c0392d32745839c2aedbb51fd329e37295c89872373414317f6,82.0,0.83,1766007967,Trump's travel ban removed by January 31?,trumps-travel-ban-removed-by-january-31,https://polymarket-upload.s3.us-east-2.amazonaws.com/trump-travel-ban-removed-before-july-5D_yIj9zkkDV.jpg,trumps-travel-ban-removed-by-january-31,No,1,JoshuaJohnson7967,Unsightly-Rosemary,,,,0x5c092734231fd9bc45509d8e258700fb200955d791c28243896fa8108338fc91
0x8e3ec6f73e944b635cec6eed49e70c7e58d90959,BUY,18183286918434869824441675990794243765466010937775706724610101178401955339057,0x775e71b9c9fd3c0392d32745839c2aedbb51fd329e37295c89872373414317f6,6.0,0.83,1766007949,Trump's travel ban removed by January 31?,trumps-travel-ban-removed-by-january-31,https://polymarket-upload.s3.us-east-2.amazonaws.com/trump-travel-ban-removed-before-july-5D_yIj9zkkDV.jpg,trumps-travel-ban-removed-by-january-31,No,1,JerryKeller1630,Giddy-Accordance,,,,0x118e782ddc0fec78d1eff59020995a29c0e9e9aa17a5caa990356e9cb0571215
0x977449de8b5be74e089f3b28f035ebf3e5f46d3c,BUY,18183286918434869824441675990794243765466010937775706724610101178401955339057,0x775e71b9c9fd3c0392d32745839c2aedbb51fd329e37295c89872373414317f6,755.0,0.83,1766007929,Trump's travel ban removed by January 31?,trumps-travel-ban-removed-by-january-31,https://polymarket-upload.s3.us-east-2.amazonaws.com/trump-travel-ban-removed-before-july-5D_yIj9zkkDV.jpg,trumps-travel-ban-removed-by-january-31,No,1,ShelleyHurst4718,Grandiose-Strait,,,,0x8c41d6510ec24db7fd28b9ea8721638e84113869005bd539f3b12d18c26b983b
0xb779436770333f8d584dd8a61fba3910c324ab22,BUY,18183286918434869824441675990794243765466010937775706724610101178401955339057,0x775e71b9c9fd3c0392d32745839c2aedbb51fd329e37295c89872373414317f6,41.119043,0.8399999970816442,1766007623,Trump's travel ban removed by January 31?,trumps-travel-ban-removed-by-january-31,https://polymarket-upload.s3.us-east-2.amazonaws.com/trump-travel-ban-removed-before-july-5D_yIj9zkkDV.jpg,trumps-travel-ban-removed-by-january-31,No,1,Awestin.eth,Agile-Selfesteem,,https://polymarket-upload.s3.us-east-2.amazonaws.com/profile-image-676639-78a49e90-cdcd-44ab-b01a-ce9eac81510e.jpeg,,0x8bad15cfff43dd112709935cdf85f28831e0da9fad9515e949b49652ad819797
0xeaf1f1805537078c833c2acba571b1dd765668ca,BUY,18183286918434869824441675990794243765466010937775706724610101178401955339057,0x775e71b9c9fd3c0392d32745839c2aedbb51fd329e37295c89872373414317f6,326.0,0.83,1766006877,Trump's travel ban removed by January 31?,trumps-travel-ban-removed-by-january-31,https://polymarket-upload.s3.us-east-2.amazonaws.com/trump-travel-ban-removed-before-july-5D_yIj9zkkDV.jpg,trumps-travel-ban-removed-by-january-31,No,1,MichaelDavis4993,Alive-Silkworm,,,,0x53d7f637ccf90577c9094ebe7570a3a9e8290bda09218225cb02f2b680de4233
0xad4657d485d45cae25d4a4112f9af77208fb0918,BUY,18183286918434869824441675990794243765466010937775706724610101178401955339057,0x775e71b9c9fd3c0392d32745839c2aedbb51fd329e37295c89872373414317f6,105.0,0.83,1766006857,Trump's travel ban removed by January 31?,trumps-travel-ban-removed-by-january-31,https://polymarket-upload.s3.us-east-2.amazonaws.com/trump-travel-ban-removed-before-july-5D_yIj9zkkDV.jpg,trumps-travel-ban-removed-by-january-31,No,1,ReneeHernandez8947,Embarrassed-Insectarium,,,,0x236206d7669e5eedabbe565efa922a304364f07c7bb2fc4dfd462ffd36e7ac32
0x447fbda19a75cfe13cceaefdaeaddbb0aeccf362,SELL,18183286918434869824441675990794243765466010937775706724610101178401955339057,0x775e71b9c9fd3c0392d32745839c2aedbb51fd329e37295c89872373414317f6,5.0,0.79,1766006751,Trump's travel ban removed by January 31?,trumps-travel-ban-removed-by-january-31,https://polymarket-upload.s3.us-east-2.amazonaws.com/trump-travel-ban-removed-before-july-5D_yIj9zkkDV.jpg,trumps-travel-ban-removed-by-january-31,No,1,aflatoon123,Mindless-Case,,,,0xd58dde5d9556a954408042b90caadc7fa8d9bf5463ea1048fcd385ed9528a442
0x6a339a95983fbab1fee67e4d8184be8eeb120f11,BUY,18183286918434869824441675990794243765466010937775706724610101178401955339057,0x775e71b9c9fd3c0392d32745839c2aedbb51fd329e37295c89872373414317f6,55.0,0.64,1765991524,Trump's travel ban removed by January 31?,trumps-travel-ban-removed-by-january-31,https://polymarket-upload.s3.us-east-2.amazonaws.com/trump-travel-ban-removed-before-july-5D_yIj9zkkDV.jpg,trumps-travel-ban-removed-by-january-31,No,1,MysticalTree,Aromatic-Lettuce,,https://polymarket-upload.s3.us-east-2.amazonaws.com/profile-image-4565606-38907c63-8b2b-40b5-8fcb-fece19be9012.jpg,,0x294a476483c108508c5e9131a66bc62175b52fac1ec6d0ad11a7b6eeb2afefd2
0x447fbda19a75cfe13cceaefdaeaddbb0aeccf362,BUY,18183286918434869824441675990794243765466010937775706724610101178401955339057,0x775e71b9c9fd3c0392d32745839c2aedbb51fd329e37295c89872373414317f6,5.0,0.64,1765991212,Trump's travel ban removed by January 31?,trumps-travel-ban-removed-by-january-31,https://polymarket-upload.s3.us-east-2.amazonaws.com/trump-travel-ban-removed-before-july-5D_yIj9zkkDV.jpg,trumps-travel-ban-removed-by-january-31,No,1,aflatoon123,Mindless-Case,,,,0x937cf4edf1ab5164137a2ad3e4129fd21edc60ecf7df3ce78603b4c616237723
0x6a339a95983fbab1fee67e4d8184be8eeb120f11,BUY,18183286918434869824441675990794243765466010937775706724610101178401955339057,0x775e71b9c9fd3c0392d32745839c2aedbb51fd329e37295c89872373414317f6,10.0,0.55,1765990220,Trump's travel ban removed by January 31?,trumps-travel-ban-removed-by-january-31,https://polymarket-upload.s3.us-east-2.amazonaws.com/trump-travel-ban-removed-before-july-5D_yIj9zkkDV.jpg,trumps-travel-ban-removed-by-january-31,No,1,MysticalTree,Aromatic-Lettuce,,https://polymarket-upload.s3.us-east-2.amazonaws.com/profile-image-4565606-38907c63-8b2b-40b5-8fcb-fece19be9012.jpg,,0x6af11cefcff2ca68e0359b1b996d17b77436e63adb97172890ed7b1473f69779
